% Time (s), ECG_DATA[17:0], ETAG[2:0], PTAG[2:0], ECG (mV), LDOFF_PH, LDOFF_PL, LDOFF_NH, LDOFF_NL
0, 0, 0, 7, 0, 
0.0078125, 0, 0, 7, 0, 
0.015625, -1, 0, 7, -0.0003814697265625, 
0.0234375, -2, 0, 7, -0.000762939453125, 
0.03125, -3, 0, 7, -0.0011444091796875, 
0.0390625, -5, 0, 7, -0.0019073486328125, 
0.046875, -7, 0, 7, -0.0026702880859375, 
0.0546875, -9, 0, 7, -0.0034332275390625, 
0.0625, -11, 0, 7, -0.0041961669921875, 
0.0703125, -13, 0, 7, -0.0049591064453125, 
0.078125, -14, 0, 7, -0.005340576171875, 
0.0859375, -16, 0, 7, -0.006103515625, 
0.09375, -20, 0, 7, -0.00762939453125, 
0.1015625, -17, 0, 7, -0.0064849853515625, 
0.109375, -24, 0, 7, -0.0091552734375, 
0.1171875, -27, 2, 7, -0.0102996826171875, 
0.125, -15, 0, 7, -0.0057220458984375, 
0.1328125, -22, 0, 7, -0.008392333984375, 
0.140625, -53, 0, 7, -0.0202178955078125, 
0.1484375, -64, 0, 7, -0.0244140625, 
0.15625, -26, 0, 7, -0.009918212890625, 
0.1640625, 36, 0, 7, 0.01373291015625, 
0.171875, 69, 0, 7, 0.0263214111328125, 
0.1796875, 51, 0, 7, 0.0194549560546875, 
0.1875, 30, 0, 7, 0.011444091796875, 
0.1953125, 94, 0, 7, 0.035858154296875, 
0.203125, 160, 0, 7, 0.06103515625, 
0.2109375, 100, 0, 7, 0.03814697265625, 
0.21875, -9, 0, 7, -0.0034332275390625, 
0.2265625, -34, 0, 7, -0.012969970703125, 
0.234375, 60, 0, 7, 0.02288818359375, 
0.2421875, 169, 2, 7, 0.0644683837890625, 
0.25, 145, 0, 7, 0.0553131103515625, 
0.2578125, 74, 0, 7, 0.028228759765625, 
0.265625, 77, 0, 7, 0.0293731689453125, 
0.2734375, 128, 0, 7, 0.048828125, 
0.28125, 129, 0, 7, 0.0492095947265625, 
0.2890625, 97, 0, 7, 0.0370025634765625, 
0.296875, 134, 0, 7, 0.051116943359375, 
0.3046875, 192, 0, 7, 0.0732421875, 
0.3125, 225, 0, 7, 0.0858306884765625, 
0.3203125, 234, 0, 7, 0.089263916015625, 
0.328125, 265, 0, 7, 0.101089477539063, 
0.3359375, 362, 0, 7, 0.138092041015625, 
0.34375, 413, 0, 7, 0.157546997070313, 
0.3515625, 340, 0, 7, 0.12969970703125, 
0.359375, 241, 0, 7, 0.0919342041015625, 
0.3671875, 234, 2, 7, 0.089263916015625, 
0.375, 304, 0, 7, 0.115966796875, 
0.3828125, 305, 0, 7, 0.116348266601563, 
0.390625, 181, 0, 7, 0.0690460205078125, 
0.3984375, 44, 0, 7, 0.01678466796875, 
0.40625, 14, 0, 7, 0.005340576171875, 
0.4140625, 36, 0, 7, 0.01373291015625, 
0.421875, -5, 0, 7, -0.0019073486328125, 
0.4296875, -94, 0, 7, -0.035858154296875, 
0.4375, -136, 0, 7, -0.0518798828125, 
0.4453125, -99, 0, 7, -0.0377655029296875, 
0.453125, -49, 0, 7, -0.0186920166015625, 
0.4609375, -35, 0, 7, -0.0133514404296875, 
0.46875, 4, 0, 7, 0.00152587890625, 
0.4765625, 97, 0, 7, 0.0370025634765625, 
0.484375, 140, 0, 7, 0.05340576171875, 
0.4921875, 102, 2, 7, 0.038909912109375, 
0.5, 64, 0, 7, 0.0244140625, 
0.5078125, 101, 0, 7, 0.0385284423828125, 
0.515625, 151, 0, 7, 0.0576019287109375, 
0.5234375, 164, 0, 7, 0.06256103515625, 
0.53125, 155, 0, 7, 0.0591278076171875, 
0.5390625, 171, 0, 7, 0.0652313232421875, 
0.546875, 241, 0, 7, 0.0919342041015625, 
0.5546875, 266, 0, 7, 0.101470947265625, 
0.5625, 245, 0, 7, 0.0934600830078125, 
0.5703125, 255, 0, 7, 0.0972747802734375, 
0.578125, 265, 0, 7, 0.101089477539063, 
0.5859375, 253, 0, 7, 0.0965118408203125, 
0.59375, 247, 0, 7, 0.0942230224609375, 
0.6015625, 274, 0, 7, 0.104522705078125, 
0.609375, 283, 0, 7, 0.107955932617188, 
0.6171875, 276, 2, 7, 0.10528564453125, 
0.625, 327, 0, 7, 0.124740600585938, 
0.6328125, 390, 0, 7, 0.148773193359375, 
0.640625, 409, 0, 7, 0.156021118164063, 
0.6484375, 380, 0, 7, 0.14495849609375, 
0.65625, 260, 0, 7, 0.09918212890625, 
0.6640625, 166, 0, 7, 0.063323974609375, 
0.671875, 204, 0, 7, 0.07781982421875, 
0.6796875, 328, 0, 7, 0.1251220703125, 
0.6875, 399, 0, 7, 0.152206420898438, 
0.6953125, 337, 0, 7, 0.128555297851563, 
0.703125, 225, 0, 7, 0.0858306884765625, 
0.7109375, 193, 0, 7, 0.0736236572265625, 
0.71875, 251, 0, 7, 0.0957489013671875, 
0.7265625, 240, 0, 7, 0.091552734375, 
0.734375, 189, 0, 7, 0.0720977783203125, 
0.7421875, 292, 2, 7, 0.11138916015625, 
0.75, 433, 0, 7, 0.165176391601563, 
0.7578125, 360, 0, 7, 0.1373291015625, 
0.765625, 72, 0, 7, 0.0274658203125, 
0.7734375, -175, 0, 7, -0.0667572021484375, 
0.78125, -88, 0, 7, -0.0335693359375, 
0.7890625, 234, 0, 7, 0.089263916015625, 
0.796875, 413, 0, 7, 0.157546997070313, 
0.8046875, 297, 0, 7, 0.113296508789063, 
0.8125, 144, 0, 7, 0.054931640625, 
0.8203125, 138, 0, 7, 0.052642822265625, 
0.828125, 90, 0, 7, 0.034332275390625, 
0.8359375, -85, 0, 7, -0.0324249267578125, 
0.84375, -206, 0, 7, -0.078582763671875, 
0.8515625, -143, 0, 7, -0.0545501708984375, 
0.859375, -39, 0, 7, -0.0148773193359375, 
0.8671875, -82, 2, 7, -0.031280517578125, 
0.875, -173, 0, 7, -0.0659942626953125, 
0.8828125, -137, 0, 7, -0.0522613525390625, 
0.890625, -12, 0, 7, -0.00457763671875, 
0.8984375, 101, 0, 7, 0.0385284423828125, 
0.90625, 175, 0, 7, 0.0667572021484375, 
0.9140625, 213, 0, 7, 0.0812530517578125, 
0.921875, 110, 0, 7, 0.041961669921875, 
0.9296875, -129, 0, 7, -0.0492095947265625, 
0.9375, -260, 0, 7, -0.09918212890625, 
0.9453125, -211, 0, 7, -0.0804901123046875, 
0.953125, -124, 0, 7, -0.04730224609375, 
0.9609375, -34, 0, 7, -0.012969970703125, 
0.96875, 48, 0, 7, 0.018310546875, 
0.9765625, 50, 0, 7, 0.019073486328125, 
0.984375, -89, 0, 7, -0.0339508056640625, 
0.9921875, -278, 2, 7, -0.106048583984375, 
1, -328, 0, 7, -0.1251220703125, 
1.0078125, -205, 0, 7, -0.0782012939453125, 
1.015625, -53, 0, 7, -0.0202178955078125, 
1.0234375, -32, 0, 7, -0.01220703125, 
1.03125, -81, 0, 7, -0.0308990478515625, 
1.0390625, -106, 0, 7, -0.040435791015625, 
1.046875, -107, 0, 7, -0.0408172607421875, 
1.0546875, -68, 0, 7, -0.02593994140625, 
1.0625, -35, 0, 7, -0.0133514404296875, 
1.0703125, -47, 0, 7, -0.0179290771484375, 
1.078125, -84, 0, 7, -0.03204345703125, 
1.0859375, -75, 0, 7, -0.0286102294921875, 
1.09375, 7, 0, 7, 0.0026702880859375, 
1.1015625, 68, 0, 7, 0.02593994140625, 
1.109375, 0, 0, 7, 0, 
1.1171875, -180, 2, 7, -0.06866455078125, 
1.125, -339, 0, 7, -0.129318237304688, 
1.1328125, -403, 0, 7, -0.153732299804688, 
1.140625, -438, 0, 7, -0.167083740234375, 
1.1484375, -507, 0, 7, -0.193405151367188, 
1.15625, -572, 0, 7, -0.21820068359375, 
1.1640625, -549, 0, 7, -0.209426879882813, 
1.171875, -539, 0, 7, -0.205612182617188, 
1.1796875, -632, 0, 7, -0.2410888671875, 
1.1875, -725, 0, 7, -0.276565551757813, 
1.1953125, -672, 0, 7, -0.25634765625, 
1.203125, -546, 0, 7, -0.208282470703125, 
1.2109375, -545, 0, 7, -0.207901000976563, 
1.21875, -631, 0, 7, -0.240707397460938, 
1.2265625, -626, 0, 7, -0.238800048828125, 
1.234375, -562, 0, 7, -0.214385986328125, 
1.2421875, -584, 2, 7, -0.2227783203125, 
1.25, -696, 0, 7, -0.2655029296875, 
1.2578125, -729, 0, 7, -0.278091430664063, 
1.265625, -610, 0, 7, -0.232696533203125, 
1.2734375, -499, 0, 7, -0.190353393554688, 
1.28125, -507, 0, 7, -0.193405151367188, 
1.2890625, -564, 0, 7, -0.21514892578125, 
1.296875, -553, 0, 7, -0.210952758789063, 
1.3046875, -504, 0, 7, -0.1922607421875, 
1.3125, -493, 0, 7, -0.188064575195313, 
1.3203125, -548, 0, 7, -0.20904541015625, 
1.328125, -647, 0, 7, -0.246810913085938, 
1.3359375, -678, 0, 7, -0.258636474609375, 
1.34375, -609, 0, 7, -0.232315063476563, 
1.3515625, -515, 0, 7, -0.196456909179688, 
1.359375, -424, 0, 7, -0.1617431640625, 
1.3671875, -388, 2, 7, -0.14801025390625, 
1.375, -487, 0, 7, -0.185775756835938, 
1.3828125, -625, 0, 7, -0.238418579101563, 
1.390625, -686, 0, 7, -0.261688232421875, 
1.3984375, -649, 0, 7, -0.247573852539063, 
1.40625, -597, 0, 7, -0.227737426757813, 
1.4140625, -647, 0, 7, -0.246810913085938, 
1.421875, -713, 0, 7, -0.271987915039063, 
1.4296875, -658, 0, 7, -0.251007080078125, 
1.4375, -571, 0, 7, -0.217819213867188, 
1.4453125, -569, 0, 7, -0.217056274414063, 
1.453125, -576, 0, 7, -0.2197265625, 
1.4609375, -531, 0, 7, -0.202560424804688, 
1.46875, -487, 0, 7, -0.185775756835938, 
1.4765625, -484, 0, 7, -0.18463134765625, 
1.484375, -500, 0, 7, -0.19073486328125, 
1.4921875, -494, 2, 7, -0.188446044921875, 
1.5, -447, 0, 7, -0.170516967773438, 
1.5078125, -410, 0, 7, -0.156402587890625, 
1.515625, -459, 0, 7, -0.175094604492188, 
1.5234375, -539, 0, 7, -0.205612182617188, 
1.53125, -603, 0, 7, -0.230026245117188, 
1.5390625, -621, 0, 7, -0.236892700195313, 
1.546875, -562, 0, 7, -0.214385986328125, 
1.5546875, -521, 0, 7, -0.198745727539063, 
1.5625, -535, 0, 7, -0.204086303710938, 
1.5703125, -435, 0, 7, -0.165939331054688, 
1.578125, -193, 0, 7, -0.0736236572265625, 
1.5859375, -63, 0, 7, -0.0240325927734375, 
1.59375, -230, 0, 7, -0.087738037109375, 
1.6015625, -566, 0, 7, -0.215911865234375, 
1.609375, -781, 0, 7, -0.297927856445313, 
1.6171875, -749, 2, 7, -0.285720825195313, 
1.625, -579, 0, 7, -0.220870971679688, 
1.6328125, -429, 0, 7, -0.163650512695313, 
1.640625, -350, 0, 7, -0.133514404296875, 
1.6484375, -320, 0, 7, -0.1220703125, 
1.65625, -355, 0, 7, -0.135421752929688, 
1.6640625, -386, 0, 7, -0.147247314453125, 
1.671875, -349, 0, 7, -0.133132934570313, 
1.6796875, -326, 0, 7, -0.124359130859375, 
1.6875, -282, 0, 7, -0.107574462890625, 
1.6953125, -188, 0, 7, -0.07171630859375, 
1.703125, -134, 0, 7, -0.051116943359375, 
1.7109375, -194, 0, 7, -0.074005126953125, 
1.71875, -294, 0, 7, -0.112152099609375, 
1.7265625, -315, 0, 7, -0.120162963867188, 
1.734375, -247, 0, 7, -0.0942230224609375, 
1.7421875, -226, 2, 7, -0.086212158203125, 
1.75, -277, 0, 7, -0.105667114257813, 
1.7578125, -253, 0, 7, -0.0965118408203125, 
1.765625, -137, 0, 7, -0.0522613525390625, 
1.7734375, -69, 0, 7, -0.0263214111328125, 
1.78125, -92, 0, 7, -0.03509521484375, 
1.7890625, -100, 0, 7, -0.03814697265625, 
1.796875, -55, 0, 7, -0.0209808349609375, 
1.8046875, -34, 0, 7, -0.012969970703125, 
1.8125, -59, 0, 7, -0.0225067138671875, 
1.8203125, -49, 0, 7, -0.0186920166015625, 
1.828125, -4, 0, 7, -0.00152587890625, 
1.8359375, 35, 0, 7, 0.0133514404296875, 
1.84375, 49, 0, 7, 0.0186920166015625, 
1.8515625, 58, 0, 7, 0.022125244140625, 
1.859375, 118, 0, 7, 0.045013427734375, 
1.8671875, 205, 2, 7, 0.0782012939453125, 
1.875, 155, 0, 7, 0.0591278076171875, 
1.8828125, 8, 0, 7, 0.0030517578125, 
1.890625, -75, 0, 7, -0.0286102294921875, 
1.8984375, -100, 0, 7, -0.03814697265625, 
1.90625, -169, 0, 7, -0.0644683837890625, 
1.9140625, -328, 0, 7, -0.1251220703125, 
1.921875, -466, 0, 7, -0.177764892578125, 
1.9296875, -413, 0, 7, -0.157546997070313, 
1.9375, -236, 0, 7, -0.09002685546875, 
1.9453125, -189, 0, 7, -0.0720977783203125, 
1.953125, -261, 0, 7, -0.0995635986328125, 
1.9609375, -288, 0, 7, -0.10986328125, 
1.96875, -281, 0, 7, -0.107192993164063, 
1.9765625, -290, 0, 7, -0.110626220703125, 
1.984375, -281, 0, 7, -0.107192993164063, 
1.9921875, -242, 2, 7, -0.092315673828125, 
2, -167, 0, 7, -0.0637054443359375, 
2.0078125, -109, 0, 7, -0.0415802001953125, 
2.015625, -177, 0, 7, -0.0675201416015625, 
2.0234375, -281, 0, 7, -0.107192993164063, 
2.03125, -290, 0, 7, -0.110626220703125, 
2.0390625, -228, 0, 7, -0.08697509765625, 
2.046875, -148, 0, 7, -0.05645751953125, 
2.0546875, -116, 0, 7, -0.04425048828125, 
2.0625, -142, 0, 7, -0.054168701171875, 
2.0703125, -144, 0, 7, -0.054931640625, 
2.078125, -79, 0, 7, -0.0301361083984375, 
2.0859375, -21, 0, 7, -0.0080108642578125, 
2.09375, -63, 0, 7, -0.0240325927734375, 
2.1015625, -171, 0, 7, -0.0652313232421875, 
2.109375, -217, 0, 7, -0.0827789306640625, 
2.1171875, -188, 2, 7, -0.07171630859375, 
2.125, -144, 0, 7, -0.054931640625, 
2.1328125, -150, 0, 7, -0.057220458984375, 
2.140625, -170, 0, 7, -0.064849853515625, 
2.1484375, -93, 0, 7, -0.0354766845703125, 
2.15625, 10, 0, 7, 0.003814697265625, 
2.1640625, 13, 0, 7, 0.0049591064453125, 
2.171875, -37, 0, 7, -0.0141143798828125, 
2.1796875, -117, 0, 7, -0.0446319580078125, 
2.1875, -180, 0, 7, -0.06866455078125, 
2.1953125, -94, 0, 7, -0.035858154296875, 
2.203125, 75, 0, 7, 0.0286102294921875, 
2.2109375, 100, 0, 7, 0.03814697265625, 
2.21875, -25, 0, 7, -0.0095367431640625, 
2.2265625, -108, 0, 7, -0.04119873046875, 
2.234375, -85, 0, 7, -0.0324249267578125, 
2.2421875, -35, 2, 7, -0.0133514404296875, 
2.25, -9, 0, 7, -0.0034332275390625, 
2.2578125, 46, 0, 7, 0.017547607421875, 
2.265625, 146, 0, 7, 0.055694580078125, 
2.2734375, 155, 0, 7, 0.0591278076171875, 
2.28125, 6, 0, 7, 0.002288818359375, 
2.2890625, -69, 0, 7, -0.0263214111328125, 
2.296875, 51, 0, 7, 0.0194549560546875, 
2.3046875, 199, 0, 7, 0.0759124755859375, 
2.3125, 247, 0, 7, 0.0942230224609375, 
2.3203125, 217, 0, 7, 0.0827789306640625, 
2.328125, 161, 0, 7, 0.0614166259765625, 
2.3359375, 34, 0, 7, 0.012969970703125, 
2.34375, -110, 0, 7, -0.041961669921875, 
2.3515625, -88, 0, 7, -0.0335693359375, 
2.359375, 124, 0, 7, 0.04730224609375, 
2.3671875, 310, 2, 7, 0.118255615234375, 
2.375, 269, 0, 7, 0.102615356445313, 
2.3828125, 59, 0, 7, 0.0225067138671875, 
2.390625, -96, 0, 7, -0.03662109375, 
2.3984375, -33, 0, 7, -0.0125885009765625, 
2.40625, 205, 0, 7, 0.0782012939453125, 
2.4140625, 428, 0, 7, 0.16326904296875, 
2.421875, 424, 0, 7, 0.1617431640625, 
2.4296875, 159, 0, 7, 0.0606536865234375, 
2.4375, -124, 0, 7, -0.04730224609375, 
2.4453125, -240, 0, 7, -0.091552734375, 
2.453125, -194, 0, 7, -0.074005126953125, 
2.4609375, -51, 0, 7, -0.0194549560546875, 
2.46875, 89, 0, 7, 0.0339508056640625, 
2.4765625, 144, 0, 7, 0.054931640625, 
2.484375, 86, 0, 7, 0.032806396484375, 
2.4921875, 11, 2, 7, 0.0041961669921875, 
2.5, 16, 0, 7, 0.006103515625, 
2.5078125, 85, 0, 7, 0.0324249267578125, 
2.515625, 190, 0, 7, 0.072479248046875, 
2.5234375, 305, 0, 7, 0.116348266601563, 
2.53125, 378, 0, 7, 0.144195556640625, 
2.5390625, 309, 0, 7, 0.117874145507813, 
2.546875, 111, 0, 7, 0.0423431396484375, 
2.5546875, -10, 0, 7, -0.003814697265625, 
2.5625, 26, 0, 7, 0.009918212890625, 
2.5703125, 172, 0, 7, 0.06561279296875, 
2.578125, 329, 0, 7, 0.125503540039063, 
2.5859375, 395, 0, 7, 0.150680541992188, 
2.59375, 326, 0, 7, 0.124359130859375, 
2.6015625, 143, 0, 7, 0.0545501708984375, 
2.609375, 78, 0, 7, 0.029754638671875, 
2.6171875, 207, 2, 7, 0.0789642333984375, 
2.625, 336, 0, 7, 0.128173828125, 
2.6328125, 354, 0, 7, 0.135040283203125, 
2.640625, 325, 0, 7, 0.123977661132813, 
2.6484375, 332, 0, 7, 0.12664794921875, 
2.65625, 343, 0, 7, 0.130844116210938, 
2.6640625, 308, 0, 7, 0.11749267578125, 
2.671875, 247, 0, 7, 0.0942230224609375, 
2.6796875, 248, 0, 7, 0.0946044921875, 
2.6875, 383, 0, 7, 0.146102905273438, 
2.6953125, 546, 0, 7, 0.208282470703125, 
2.703125, 545, 0, 7, 0.207901000976563, 
2.7109375, 374, 0, 7, 0.142669677734375, 
2.71875, 176, 0, 7, 0.067138671875, 
2.7265625, 39, 0, 7, 0.0148773193359375, 
2.734375, 5, 0, 7, 0.0019073486328125, 
2.7421875, 32, 2, 7, 0.01220703125, 
2.75, 26, 0, 7, 0.009918212890625, 
2.7578125, -23, 0, 7, -0.0087738037109375, 
2.765625, -113, 0, 7, -0.0431060791015625, 
2.7734375, -208, 0, 7, -0.079345703125, 
2.78125, -252, 0, 7, -0.09613037109375, 
2.7890625, -204, 0, 7, -0.07781982421875, 
2.796875, -41, 0, 7, -0.0156402587890625, 
2.8046875, 107, 0, 7, 0.0408172607421875, 
2.8125, 104, 0, 7, 0.0396728515625, 
2.8203125, -49, 0, 7, -0.0186920166015625, 
2.828125, -202, 0, 7, -0.077056884765625, 
2.8359375, -224, 0, 7, -0.08544921875, 
2.84375, -206, 0, 7, -0.078582763671875, 
2.8515625, -171, 0, 7, -0.0652313232421875, 
2.859375, 8, 0, 7, 0.0030517578125, 
2.8671875, 237, 2, 7, 0.0904083251953125, 
2.875, 224, 0, 7, 0.08544921875, 
2.8828125, -85, 0, 7, -0.0324249267578125, 
2.890625, -315, 0, 7, -0.120162963867188, 
2.8984375, -239, 0, 7, -0.0911712646484375, 
2.90625, -12, 0, 7, -0.00457763671875, 
2.9140625, 165, 0, 7, 0.0629425048828125, 
2.921875, 170, 0, 7, 0.064849853515625, 
2.9296875, 19, 0, 7, 0.0072479248046875, 
2.9375, -136, 0, 7, -0.0518798828125, 
2.9453125, -190, 0, 7, -0.072479248046875, 
2.953125, -119, 0, 7, -0.0453948974609375, 
2.9609375, 7, 0, 7, 0.0026702880859375, 
2.96875, 48, 0, 7, 0.018310546875, 
2.9765625, -6, 0, 7, -0.002288818359375, 
2.984375, -34, 0, 7, -0.012969970703125, 
2.9921875, -37, 2, 7, -0.0141143798828125, 
3, -29, 0, 7, -0.0110626220703125, 
3.0078125, 13, 0, 7, 0.0049591064453125, 
3.015625, 34, 0, 7, 0.012969970703125, 
3.0234375, -40, 0, 7, -0.0152587890625, 
3.03125, -123, 0, 7, -0.0469207763671875, 
3.0390625, -97, 0, 7, -0.0370025634765625, 
3.046875, -47, 0, 7, -0.0179290771484375, 
3.0546875, -33, 0, 7, -0.0125885009765625, 
3.0625, -44, 0, 7, -0.01678466796875, 
3.0703125, -72, 0, 7, -0.0274658203125, 
3.078125, -73, 0, 7, -0.0278472900390625, 
3.0859375, -53, 0, 7, -0.0202178955078125, 
3.09375, -45, 0, 7, -0.0171661376953125, 
3.1015625, -14, 0, 7, -0.005340576171875, 
3.109375, 21, 0, 7, 0.0080108642578125, 
3.1171875, -35, 2, 7, -0.0133514404296875, 
3.125, -148, 0, 7, -0.05645751953125, 
3.1328125, -154, 0, 7, -0.058746337890625, 
3.140625, -33, 0, 7, -0.0125885009765625, 
3.1484375, 93, 0, 7, 0.0354766845703125, 
3.15625, 129, 0, 7, 0.0492095947265625, 
3.1640625, 34, 0, 7, 0.012969970703125, 
3.171875, -61, 0, 7, -0.0232696533203125, 
3.1796875, -42, 0, 7, -0.016021728515625, 
3.1875, -15, 0, 7, -0.0057220458984375, 
3.1953125, -53, 0, 7, -0.0202178955078125, 
3.203125, -105, 0, 7, -0.0400543212890625, 
3.2109375, -167, 0, 7, -0.0637054443359375, 
3.21875, -198, 0, 7, -0.075531005859375, 
3.2265625, -139, 0, 7, -0.0530242919921875, 
3.234375, -66, 0, 7, -0.025177001953125, 
3.2421875, -43, 2, 7, -0.0164031982421875, 
3.25, 22, 0, 7, 0.008392333984375, 
3.2578125, 110, 0, 7, 0.041961669921875, 
3.265625, 100, 0, 7, 0.03814697265625, 
3.2734375, -71, 0, 7, -0.0270843505859375, 
3.28125, -325, 0, 7, -0.123977661132813, 
3.2890625, -468, 0, 7, -0.17852783203125, 
3.296875, -408, 0, 7, -0.1556396484375, 
3.3046875, -258, 0, 7, -0.098419189453125, 
3.3125, -144, 0, 7, -0.054931640625, 
3.3203125, -80, 0, 7, -0.030517578125, 
3.328125, -82, 0, 7, -0.031280517578125, 
3.3359375, -113, 0, 7, -0.0431060791015625, 
3.34375, -72, 0, 7, -0.0274658203125, 
3.3515625, -9, 0, 7, -0.0034332275390625, 
3.359375, -21, 0, 7, -0.0080108642578125, 
3.3671875, -65, 2, 7, -0.0247955322265625, 
3.375, -48, 0, 7, -0.018310546875, 
3.3828125, 41, 0, 7, 0.0156402587890625, 
3.390625, 44, 0, 7, 0.01678466796875, 
3.3984375, -48, 0, 7, -0.018310546875, 
3.40625, -88, 0, 7, -0.0335693359375, 
3.4140625, -33, 0, 7, -0.0125885009765625, 
3.421875, 39, 0, 7, 0.0148773193359375, 
3.4296875, 55, 0, 7, 0.0209808349609375, 
3.4375, 11, 0, 7, 0.0041961669921875, 
3.4453125, -5, 0, 7, -0.0019073486328125, 
3.453125, 56, 0, 7, 0.0213623046875, 
3.4609375, 132, 0, 7, 0.05035400390625, 
3.46875, 147, 0, 7, 0.0560760498046875, 
3.4765625, 84, 0, 7, 0.03204345703125, 
3.484375, 41, 0, 7, 0.0156402587890625, 
3.4921875, 105, 2, 7, 0.0400543212890625, 
3.5, 203, 0, 7, 0.0774383544921875, 
3.5078125, 202, 0, 7, 0.077056884765625, 
3.515625, 129, 0, 7, 0.0492095947265625, 
3.5234375, 129, 0, 7, 0.0492095947265625, 
3.53125, 195, 0, 7, 0.0743865966796875, 
3.5390625, 255, 0, 7, 0.0972747802734375, 
3.546875, 279, 0, 7, 0.106430053710938, 
3.5546875, 246, 0, 7, 0.093841552734375, 
3.5625, 160, 0, 7, 0.06103515625, 
3.5703125, 21, 0, 7, 0.0080108642578125, 
3.578125, -147, 0, 7, -0.0560760498046875, 
3.5859375, -226, 0, 7, -0.086212158203125, 
3.59375, -186, 0, 7, -0.070953369140625, 
3.6015625, -175, 0, 7, -0.0667572021484375, 
3.609375, -258, 0, 7, -0.098419189453125, 
3.6171875, -334, 2, 7, -0.127410888671875, 
3.625, -326, 0, 7, -0.124359130859375, 
3.6328125, -244, 0, 7, -0.09307861328125, 
3.640625, -178, 0, 7, -0.067901611328125, 
3.6484375, -214, 0, 7, -0.081634521484375, 
3.65625, -280, 0, 7, -0.1068115234375, 
3.6640625, -304, 0, 7, -0.115966796875, 
3.671875, -263, 0, 7, -0.100326538085938, 
3.6796875, -175, 0, 7, -0.0667572021484375, 
3.6875, -126, 0, 7, -0.048065185546875, 
3.6953125, -121, 0, 7, -0.0461578369140625, 
3.703125, -130, 0, 7, -0.049591064453125, 
3.7109375, -111, 0, 7, -0.0423431396484375, 
3.71875, -101, 0, 7, -0.0385284423828125, 
3.7265625, -151, 0, 7, -0.0576019287109375, 
3.734375, -185, 0, 7, -0.0705718994140625, 
3.7421875, -158, 2, 7, -0.060272216796875, 
3.75, -152, 0, 7, -0.0579833984375, 
3.7578125, -186, 0, 7, -0.070953369140625, 
3.765625, -188, 0, 7, -0.07171630859375, 
3.7734375, -137, 0, 7, -0.0522613525390625, 
3.78125, -124, 0, 7, -0.04730224609375, 
3.7890625, -115, 0, 7, -0.0438690185546875, 
3.796875, -76, 0, 7, -0.02899169921875, 
3.8046875, -76, 0, 7, -0.02899169921875, 
3.8125, -126, 0, 7, -0.048065185546875, 
3.8203125, -165, 0, 7, -0.0629425048828125, 
3.828125, -154, 0, 7, -0.058746337890625, 
3.8359375, -121, 0, 7, -0.0461578369140625, 
3.84375, -123, 0, 7, -0.0469207763671875, 
3.8515625, -177, 0, 7, -0.0675201416015625, 
3.859375, -209, 0, 7, -0.0797271728515625, 
3.8671875, -188, 2, 7, -0.07171630859375, 
3.875, -116, 0, 7, -0.04425048828125, 
3.8828125, -6, 0, 7, -0.002288818359375, 
3.890625, 31, 0, 7, 0.0118255615234375, 
3.8984375, -42, 0, 7, -0.016021728515625, 
3.90625, -127, 0, 7, -0.0484466552734375, 
3.9140625, -130, 0, 7, -0.049591064453125, 
3.921875, -85, 0, 7, -0.0324249267578125, 
3.9296875, -56, 0, 7, -0.0213623046875, 
3.9375, -36, 0, 7, -0.01373291015625, 
3.9453125, -34, 0, 7, -0.012969970703125, 
3.953125, -69, 0, 7, -0.0263214111328125, 
3.9609375, -112, 0, 7, -0.042724609375, 
3.96875, -126, 0, 7, -0.048065185546875, 
3.9765625, -110, 0, 7, -0.041961669921875, 
3.984375, -136, 0, 7, -0.0518798828125, 
3.9921875, -185, 2, 7, -0.0705718994140625, 
4, -152, 0, 7, -0.0579833984375, 
4.0078125, -67, 0, 7, -0.0255584716796875, 
4.015625, -44, 0, 7, -0.01678466796875, 
4.0234375, -112, 0, 7, -0.042724609375, 
4.03125, -143, 0, 7, -0.0545501708984375, 
4.0390625, 10, 0, 7, 0.003814697265625, 
4.046875, 205, 0, 7, 0.0782012939453125, 
4.0546875, 119, 0, 7, 0.0453948974609375, 
4.0625, -268, 0, 7, -0.10223388671875, 
4.0703125, -555, 0, 7, -0.211715698242188, 
4.078125, -456, 0, 7, -0.1739501953125, 
4.0859375, -173, 0, 7, -0.0659942626953125, 
4.09375, -44, 0, 7, -0.01678466796875, 
4.1015625, -104, 0, 7, -0.0396728515625, 
4.109375, -156, 0, 7, -0.05950927734375, 
4.1171875, -96, 2, 7, -0.03662109375, 
4.125, -18, 0, 7, -0.006866455078125, 
4.1328125, 28, 0, 7, 0.01068115234375, 
4.140625, 27, 0, 7, 0.0102996826171875, 
4.1484375, -54, 0, 7, -0.020599365234375, 
4.15625, -134, 0, 7, -0.051116943359375, 
4.1640625, -85, 0, 7, -0.0324249267578125, 
4.171875, 54, 0, 7, 0.020599365234375, 
4.1796875, 136, 0, 7, 0.0518798828125, 
4.1875, 69, 0, 7, 0.0263214111328125, 
4.1953125, -77, 0, 7, -0.0293731689453125, 
4.203125, -152, 0, 7, -0.0579833984375, 
4.2109375, -83, 0, 7, -0.0316619873046875, 
4.21875, 52, 0, 7, 0.01983642578125, 
4.2265625, 123, 0, 7, 0.0469207763671875, 
4.234375, 70, 0, 7, 0.026702880859375, 
4.2421875, -79, 2, 7, -0.0301361083984375, 
4.25, -130, 0, 7, -0.049591064453125, 
4.2578125, 35, 0, 7, 0.0133514404296875, 
4.265625, 212, 0, 7, 0.08087158203125, 
4.2734375, 178, 0, 7, 0.067901611328125, 
4.28125, 54, 0, 7, 0.020599365234375, 
4.2890625, 65, 0, 7, 0.0247955322265625, 
4.296875, 228, 0, 7, 0.08697509765625, 
4.3046875, 381, 0, 7, 0.145339965820313, 
4.3125, 365, 0, 7, 0.139236450195313, 
4.3203125, 242, 0, 7, 0.092315673828125, 
4.328125, 142, 0, 7, 0.054168701171875, 
4.3359375, 77, 0, 7, 0.0293731689453125, 
4.34375, 80, 0, 7, 0.030517578125, 
4.3515625, 127, 0, 7, 0.0484466552734375, 
4.359375, 80, 0, 7, 0.030517578125, 
4.3671875, -116, 2, 7, -0.04425048828125, 
4.375, -295, 0, 7, -0.112533569335938, 
4.3828125, -298, 0, 7, -0.113677978515625, 
4.390625, -231, 0, 7, -0.0881195068359375, 
4.3984375, -226, 0, 7, -0.086212158203125, 
4.40625, -298, 0, 7, -0.113677978515625, 
4.4140625, -329, 0, 7, -0.125503540039063, 
4.421875, -268, 0, 7, -0.10223388671875, 
4.4296875, -204, 0, 7, -0.07781982421875, 
4.4375, -161, 0, 7, -0.0614166259765625, 
4.4453125, -175, 0, 7, -0.0667572021484375, 
4.453125, -242, 0, 7, -0.092315673828125, 
4.4609375, -263, 0, 7, -0.100326538085938, 
4.46875, -234, 0, 7, -0.089263916015625, 
4.4765625, -179, 0, 7, -0.0682830810546875, 
4.484375, -109, 0, 7, -0.0415802001953125, 
4.4921875, -50, 2, 7, -0.019073486328125, 
4.5, -14, 0, 7, -0.005340576171875, 
4.5078125, -39, 0, 7, -0.0148773193359375, 
4.515625, -129, 0, 7, -0.0492095947265625, 
4.5234375, -207, 0, 7, -0.0789642333984375, 
4.53125, -174, 0, 7, -0.066375732421875, 
4.5390625, -46, 0, 7, -0.017547607421875, 
4.546875, 41, 0, 7, 0.0156402587890625, 
4.5546875, 56, 0, 7, 0.0213623046875, 
4.5625, 48, 0, 7, 0.018310546875, 
4.5703125, 31, 0, 7, 0.0118255615234375, 
4.578125, -28, 0, 7, -0.01068115234375, 
4.5859375, -132, 0, 7, -0.05035400390625, 
4.59375, -184, 0, 7, -0.0701904296875, 
4.6015625, -106, 0, 7, -0.040435791015625, 
4.609375, 44, 0, 7, 0.01678466796875, 
4.6171875, 75, 2, 7, 0.0286102294921875, 
4.625, -35, 0, 7, -0.0133514404296875, 
4.6328125, -45, 0, 7, -0.0171661376953125, 
4.640625, 114, 0, 7, 0.043487548828125, 
4.6484375, 194, 0, 7, 0.074005126953125, 
4.65625, 29, 0, 7, 0.0110626220703125, 
4.6640625, -167, 0, 7, -0.0637054443359375, 
4.671875, -142, 0, 7, -0.054168701171875, 
4.6796875, 36, 0, 7, 0.01373291015625, 
4.6875, 118, 0, 7, 0.045013427734375, 
4.6953125, 49, 0, 7, 0.0186920166015625, 
4.703125, 40, 0, 7, 0.0152587890625, 
4.7109375, 114, 0, 7, 0.043487548828125, 
4.71875, 116, 0, 7, 0.04425048828125, 
4.7265625, 42, 0, 7, 0.016021728515625, 
4.734375, 0, 0, 7, 0, 
4.7421875, 44, 2, 7, 0.01678466796875, 
4.75, 103, 0, 7, 0.0392913818359375, 
4.7578125, 118, 0, 7, 0.045013427734375, 
4.765625, 91, 0, 7, 0.0347137451171875, 
4.7734375, 72, 0, 7, 0.0274658203125, 
4.78125, 80, 0, 7, 0.030517578125, 
4.7890625, 61, 0, 7, 0.0232696533203125, 
4.796875, 16, 0, 7, 0.006103515625, 
4.8046875, 4, 0, 7, 0.00152587890625, 
4.8125, 28, 0, 7, 0.01068115234375, 
4.8203125, 32, 0, 7, 0.01220703125, 
4.828125, -2, 0, 7, -0.000762939453125, 
4.8359375, -12, 0, 7, -0.00457763671875, 
4.84375, 44, 0, 7, 0.01678466796875, 
4.8515625, 157, 0, 7, 0.0598907470703125, 
4.859375, 225, 0, 7, 0.0858306884765625, 
4.8671875, 183, 2, 7, 0.0698089599609375, 
4.875, 29, 0, 7, 0.0110626220703125, 
4.8828125, -170, 0, 7, -0.064849853515625, 
4.890625, -280, 0, 7, -0.1068115234375, 
4.8984375, -250, 0, 7, -0.095367431640625, 
4.90625, -112, 0, 7, -0.042724609375, 
4.9140625, 66, 0, 7, 0.025177001953125, 
4.921875, 169, 0, 7, 0.0644683837890625, 
4.9296875, 100, 0, 7, 0.03814697265625, 
4.9375, -52, 0, 7, -0.01983642578125, 
4.9453125, -81, 0, 7, -0.0308990478515625, 
4.953125, 34, 0, 7, 0.012969970703125, 
4.9609375, 138, 0, 7, 0.052642822265625, 
4.96875, 124, 0, 7, 0.04730224609375, 
4.9765625, 54, 0, 7, 0.020599365234375, 
4.984375, 51, 0, 7, 0.0194549560546875, 
4.9921875, 116, 2, 7, 0.04425048828125, 
5, 155, 0, 7, 0.0591278076171875, 
5.0078125, 170, 0, 7, 0.064849853515625, 
5.015625, 172, 0, 7, 0.06561279296875, 
5.0234375, 133, 0, 7, 0.0507354736328125, 
5.03125, 78, 0, 7, 0.029754638671875, 
5.0390625, 73, 0, 7, 0.0278472900390625, 
5.046875, 113, 0, 7, 0.0431060791015625, 
5.0546875, 144, 0, 7, 0.054931640625, 
5.0625, 140, 0, 7, 0.05340576171875, 
5.0703125, 140, 0, 7, 0.05340576171875, 
5.078125, 190, 0, 7, 0.072479248046875, 
5.0859375, 264, 0, 7, 0.1007080078125, 
5.09375, 264, 0, 7, 0.1007080078125, 
5.1015625, 269, 0, 7, 0.102615356445313, 
5.109375, 330, 0, 7, 0.125885009765625, 
5.1171875, 350, 2, 7, 0.133514404296875, 
5.125, 354, 0, 7, 0.135040283203125, 
5.1328125, 326, 0, 7, 0.124359130859375, 
5.140625, 279, 0, 7, 0.106430053710938, 
5.1484375, 280, 0, 7, 0.1068115234375, 
5.15625, 272, 0, 7, 0.103759765625, 
5.1640625, 231, 0, 7, 0.0881195068359375, 
5.171875, 144, 0, 7, 0.054931640625, 
5.1796875, 40, 0, 7, 0.0152587890625, 
5.1875, -32, 0, 7, -0.01220703125, 
5.1953125, -23, 0, 7, -0.0087738037109375, 
5.203125, -1, 0, 7, -0.0003814697265625, 
5.2109375, -82, 0, 7, -0.031280517578125, 
5.21875, -149, 0, 7, -0.0568389892578125, 
5.2265625, -146, 0, 7, -0.055694580078125, 
5.234375, -144, 0, 7, -0.054931640625, 
5.2421875, -162, 2, 7, -0.061798095703125, 
5.25, -210, 0, 7, -0.080108642578125, 
5.2578125, -162, 0, 7, -0.061798095703125, 
5.265625, -20, 0, 7, -0.00762939453125, 
5.2734375, 34, 0, 7, 0.012969970703125, 
5.28125, -1, 0, 7, -0.0003814697265625, 
5.2890625, -36, 0, 7, -0.01373291015625, 
5.296875, 25, 0, 7, 0.0095367431640625, 
5.3046875, 133, 0, 7, 0.0507354736328125, 
5.3125, 89, 0, 7, 0.0339508056640625, 
5.3203125, -107, 0, 7, -0.0408172607421875, 
5.328125, -209, 0, 7, -0.0797271728515625, 
5.3359375, -113, 0, 7, -0.0431060791015625, 
5.34375, 36, 0, 7, 0.01373291015625, 
5.3515625, 118, 0, 7, 0.045013427734375, 
5.359375, 113, 0, 7, 0.0431060791015625, 
5.3671875, 66, 2, 7, 0.025177001953125, 
5.375, 92, 0, 7, 0.03509521484375, 
5.3828125, 167, 0, 7, 0.0637054443359375, 
5.390625, 133, 0, 7, 0.0507354736328125, 
5.3984375, -11, 0, 7, -0.0041961669921875, 
5.40625, -153, 0, 7, -0.0583648681640625, 
5.4140625, -143, 0, 7, -0.0545501708984375, 
5.421875, 45, 0, 7, 0.0171661376953125, 
5.4296875, 168, 0, 7, 0.0640869140625, 
5.4375, 82, 0, 7, 0.031280517578125, 
5.4453125, -24, 0, 7, -0.0091552734375, 
5.453125, 30, 0, 7, 0.011444091796875, 
5.4609375, 124, 0, 7, 0.04730224609375, 
5.46875, 101, 0, 7, 0.0385284423828125, 
5.4765625, 64, 0, 7, 0.0244140625, 
5.484375, 80, 0, 7, 0.030517578125, 
5.4921875, 77, 2, 7, 0.0293731689453125, 
5.5, 23, 0, 7, 0.0087738037109375, 
5.5078125, -20, 0, 7, -0.00762939453125, 
5.515625, 32, 0, 7, 0.01220703125, 
5.5234375, 126, 0, 7, 0.048065185546875, 
5.53125, 144, 0, 7, 0.054931640625, 
5.5390625, 67, 0, 7, 0.0255584716796875, 
5.546875, 12, 0, 7, 0.00457763671875, 
5.5546875, 33, 0, 7, 0.0125885009765625, 
5.5625, 64, 0, 7, 0.0244140625, 
5.5703125, 98, 0, 7, 0.037384033203125, 
5.578125, 120, 0, 7, 0.0457763671875, 
5.5859375, 100, 0, 7, 0.03814697265625, 
5.59375, 84, 0, 7, 0.03204345703125, 
5.6015625, 100, 0, 7, 0.03814697265625, 
5.609375, 135, 0, 7, 0.0514984130859375, 
5.6171875, 114, 2, 7, 0.043487548828125, 
5.625, 26, 0, 7, 0.009918212890625, 
5.6328125, -16, 0, 7, -0.006103515625, 
5.640625, 94, 0, 7, 0.035858154296875, 
5.6484375, 266, 0, 7, 0.101470947265625, 
5.65625, 300, 0, 7, 0.11444091796875, 
5.6640625, 172, 0, 7, 0.06561279296875, 
5.671875, 36, 0, 7, 0.01373291015625, 
5.6796875, 10, 0, 7, 0.003814697265625, 
5.6875, 88, 0, 7, 0.0335693359375, 
5.6953125, 170, 0, 7, 0.064849853515625, 
5.703125, 131, 0, 7, 0.0499725341796875, 
5.7109375, 3, 0, 7, 0.0011444091796875, 
5.71875, -9, 0, 7, -0.0034332275390625, 
5.7265625, 70, 0, 7, 0.026702880859375, 
5.734375, 99, 0, 7, 0.0377655029296875, 
5.7421875, 155, 2, 7, 0.0591278076171875, 
5.75, 329, 0, 7, 0.125503540039063, 
5.7578125, 555, 0, 7, 0.211715698242188, 
5.765625, 502, 0, 7, 0.191497802734375, 
5.7734375, 53, 0, 7, 0.0202178955078125, 
5.78125, -337, 0, 7, -0.128555297851563, 
5.7890625, -261, 0, 7, -0.0995635986328125, 
5.796875, 54, 0, 7, 0.020599365234375, 
5.8046875, 199, 0, 7, 0.0759124755859375, 
5.8125, 173, 0, 7, 0.0659942626953125, 
5.8203125, 123, 0, 7, 0.0469207763671875, 
5.828125, 62, 0, 7, 0.023651123046875, 
5.8359375, 70, 0, 7, 0.026702880859375, 
5.84375, 140, 0, 7, 0.05340576171875, 
5.8515625, 240, 0, 7, 0.091552734375, 
5.859375, 321, 0, 7, 0.122451782226563, 
5.8671875, 290, 2, 7, 0.110626220703125, 
5.875, 198, 0, 7, 0.075531005859375, 
5.8828125, 197, 0, 7, 0.0751495361328125, 
5.890625, 285, 0, 7, 0.108718872070313, 
5.8984375, 372, 0, 7, 0.14190673828125, 
5.90625, 376, 0, 7, 0.1434326171875, 
5.9140625, 293, 0, 7, 0.111770629882813, 
5.921875, 223, 0, 7, 0.0850677490234375, 
5.9296875, 222, 0, 7, 0.084686279296875, 
5.9375, 260, 0, 7, 0.09918212890625, 
5.9453125, 315, 0, 7, 0.120162963867188, 
5.953125, 368, 0, 7, 0.140380859375, 
5.9609375, 424, 0, 7, 0.1617431640625, 
5.96875, 443, 0, 7, 0.168991088867188, 
5.9765625, 393, 0, 7, 0.149917602539063, 
5.984375, 324, 0, 7, 0.12359619140625, 
5.9921875, 341, 2, 7, 0.130081176757813, 
6, 454, 0, 7, 0.173187255859375, 
6.0078125, 557, 0, 7, 0.212478637695313, 
6.015625, 564, 0, 7, 0.21514892578125, 
6.0234375, 483, 0, 7, 0.184249877929688, 
6.03125, 400, 0, 7, 0.152587890625, 
6.0390625, 437, 0, 7, 0.166702270507813, 
6.046875, 504, 0, 7, 0.1922607421875, 
6.0546875, 468, 0, 7, 0.17852783203125, 
6.0625, 421, 0, 7, 0.160598754882813, 
6.0703125, 394, 0, 7, 0.150299072265625, 
6.078125, 312, 0, 7, 0.1190185546875, 
6.0859375, 176, 0, 7, 0.067138671875, 
6.09375, 32, 0, 7, 0.01220703125, 
6.1015625, -22, 0, 7, -0.008392333984375, 
6.109375, -3, 0, 7, -0.0011444091796875, 
6.1171875, 15, 2, 7, 0.0057220458984375, 
6.125, -19, 0, 7, -0.0072479248046875, 
6.1328125, -65, 0, 7, -0.0247955322265625, 
6.140625, -49, 0, 7, -0.0186920166015625, 
6.1484375, 9, 0, 7, 0.0034332275390625, 
6.15625, 51, 0, 7, 0.0194549560546875, 
6.1640625, 16, 0, 7, 0.006103515625, 
6.171875, -72, 0, 7, -0.0274658203125, 
6.1796875, -58, 0, 7, -0.022125244140625, 
6.1875, 14, 0, 7, 0.005340576171875, 
6.1953125, 35, 0, 7, 0.0133514404296875, 
6.203125, 22, 0, 7, 0.008392333984375, 
6.2109375, 37, 0, 7, 0.0141143798828125, 
6.21875, 87, 0, 7, 0.0331878662109375, 
6.2265625, 45, 0, 7, 0.0171661376953125, 
6.234375, -90, 0, 7, -0.034332275390625, 
6.2421875, -162, 2, 7, -0.061798095703125, 
6.25, -108, 0, 7, -0.04119873046875, 
6.2578125, -11, 0, 7, -0.0041961669921875, 
6.265625, 20, 0, 7, 0.00762939453125, 
6.2734375, -21, 0, 7, -0.0080108642578125, 
6.28125, -56, 0, 7, -0.0213623046875, 
6.2890625, -37, 0, 7, -0.0141143798828125, 
6.296875, -27, 0, 7, -0.0102996826171875, 
6.3046875, -96, 0, 7, -0.03662109375, 
6.3125, -201, 0, 7, -0.0766754150390625, 
6.3203125, -218, 0, 7, -0.083160400390625, 
6.328125, -121, 0, 7, -0.0461578369140625, 
6.3359375, -34, 0, 7, -0.012969970703125, 
6.34375, -73, 0, 7, -0.0278472900390625, 
6.3515625, -163, 0, 7, -0.0621795654296875, 
6.359375, -181, 0, 7, -0.0690460205078125, 
6.3671875, -180, 2, 7, -0.06866455078125, 
6.375, -173, 0, 7, -0.0659942626953125, 
6.3828125, -117, 0, 7, -0.0446319580078125, 
6.390625, -78, 0, 7, -0.029754638671875, 
6.3984375, -119, 0, 7, -0.0453948974609375, 
6.40625, -235, 0, 7, -0.0896453857421875, 
6.4140625, -309, 0, 7, -0.117874145507813, 
6.421875, -231, 0, 7, -0.0881195068359375, 
6.4296875, -146, 0, 7, -0.055694580078125, 
6.4375, -172, 0, 7, -0.06561279296875, 
6.4453125, -202, 0, 7, -0.077056884765625, 
6.453125, -175, 0, 7, -0.0667572021484375, 
6.4609375, -181, 0, 7, -0.0690460205078125, 
6.46875, -268, 0, 7, -0.10223388671875, 
6.4765625, -316, 0, 7, -0.12054443359375, 
6.484375, -259, 0, 7, -0.0988006591796875, 
6.4921875, -137, 2, 7, -0.0522613525390625, 
6.5, -114, 0, 7, -0.043487548828125, 
6.5078125, -219, 0, 7, -0.0835418701171875, 
6.515625, -267, 0, 7, -0.101852416992188, 
6.5234375, -198, 0, 7, -0.075531005859375, 
6.53125, -117, 0, 7, -0.0446319580078125, 
6.5390625, -154, 0, 7, -0.058746337890625, 
6.546875, -302, 0, 7, -0.115203857421875, 
6.5546875, -384, 0, 7, -0.146484375, 
6.5625, -341, 0, 7, -0.130081176757813, 
6.5703125, -310, 0, 7, -0.118255615234375, 
6.578125, -403, 0, 7, -0.153732299804688, 
6.5859375, -509, 0, 7, -0.194168090820313, 
6.59375, -494, 0, 7, -0.188446044921875, 
6.6015625, -391, 0, 7, -0.149154663085938, 
6.609375, -288, 0, 7, -0.10986328125, 
6.6171875, -243, 2, 7, -0.0926971435546875, 
6.625, -237, 0, 7, -0.0904083251953125, 
6.6328125, -332, 0, 7, -0.12664794921875, 
6.640625, -599, 0, 7, -0.228500366210938, 
6.6484375, -832, 0, 7, -0.3173828125, 
6.65625, -858, 0, 7, -0.327301025390625, 
6.6640625, -742, 0, 7, -0.283050537109375, 
6.671875, -652, 0, 7, -0.24871826171875, 
6.6796875, -603, 0, 7, -0.230026245117188, 
6.6875, -499, 0, 7, -0.190353393554688, 
6.6953125, -413, 0, 7, -0.157546997070313, 
6.703125, -432, 0, 7, -0.164794921875, 
6.7109375, -511, 0, 7, -0.194931030273438, 
6.71875, -528, 0, 7, -0.201416015625, 
6.7265625, -476, 0, 7, -0.18157958984375, 
6.734375, -460, 0, 7, -0.17547607421875, 
6.7421875, -463, 2, 7, -0.176620483398438, 
6.75, -415, 0, 7, -0.158309936523438, 
6.7578125, -330, 0, 7, -0.125885009765625, 
6.765625, -324, 0, 7, -0.12359619140625, 
6.7734375, -423, 0, 7, -0.161361694335938, 
6.78125, -501, 0, 7, -0.191116333007813, 
6.7890625, -487, 0, 7, -0.185775756835938, 
6.796875, -452, 0, 7, -0.17242431640625, 
6.8046875, -447, 0, 7, -0.170516967773438, 
6.8125, -476, 0, 7, -0.18157958984375, 
6.8203125, -476, 0, 7, -0.18157958984375, 
6.828125, -395, 0, 7, -0.150680541992188, 
6.8359375, -290, 0, 7, -0.110626220703125, 
6.84375, -274, 0, 7, -0.104522705078125, 
6.8515625, -328, 0, 7, -0.1251220703125, 
6.859375, -332, 0, 7, -0.12664794921875, 
6.8671875, -261, 2, 7, -0.0995635986328125, 
6.875, -219, 0, 7, -0.0835418701171875, 
6.8828125, -258, 0, 7, -0.098419189453125, 
6.890625, -299, 0, 7, -0.114059448242188, 
6.8984375, -259, 0, 7, -0.0988006591796875, 
6.90625, -186, 0, 7, -0.070953369140625, 
6.9140625, -175, 0, 7, -0.0667572021484375, 
6.921875, -222, 0, 7, -0.084686279296875, 
6.9296875, -244, 0, 7, -0.09307861328125, 
6.9375, -285, 0, 7, -0.108718872070313, 
6.9453125, -402, 0, 7, -0.153350830078125, 
6.953125, -502, 0, 7, -0.191497802734375, 
6.9609375, -558, 0, 7, -0.212860107421875, 
6.96875, -595, 0, 7, -0.226974487304688, 
6.9765625, -590, 0, 7, -0.225067138671875, 
6.984375, -565, 0, 7, -0.215530395507813, 
6.9921875, -570, 2, 7, -0.217437744140625, 
7, -619, 0, 7, -0.236129760742188, 
7.0078125, -639, 0, 7, -0.243759155273438, 
7.015625, -595, 0, 7, -0.226974487304688, 
7.0234375, -481, 0, 7, -0.183486938476563, 
7.03125, -441, 0, 7, -0.168228149414063, 
7.0390625, -527, 0, 7, -0.201034545898438, 
7.046875, -543, 0, 7, -0.207138061523438, 
7.0546875, -469, 0, 7, -0.178909301757813, 
7.0625, -407, 0, 7, -0.155258178710938, 
7.0703125, -394, 0, 7, -0.150299072265625, 
7.078125, -476, 0, 7, -0.18157958984375, 
7.0859375, -557, 0, 7, -0.212478637695313, 
7.09375, -528, 0, 7, -0.201416015625, 
7.1015625, -385, 0, 7, -0.146865844726563, 
7.109375, -257, 0, 7, -0.0980377197265625, 
7.1171875, -236, 2, 7, -0.09002685546875, 
7.125, -278, 0, 7, -0.106048583984375, 
7.1328125, -328, 0, 7, -0.1251220703125, 
7.140625, -315, 0, 7, -0.120162963867188, 
7.1484375, -326, 0, 7, -0.124359130859375, 
7.15625, -394, 0, 7, -0.150299072265625, 
7.1640625, -407, 0, 7, -0.155258178710938, 
7.171875, -391, 0, 7, -0.149154663085938, 
7.1796875, -346, 0, 7, -0.131988525390625, 
7.1875, -259, 0, 7, -0.0988006591796875, 
7.1953125, -177, 0, 7, -0.0675201416015625, 
7.203125, -145, 0, 7, -0.0553131103515625, 
7.2109375, -175, 0, 7, -0.0667572021484375, 
7.21875, -212, 0, 7, -0.08087158203125, 
7.2265625, -226, 0, 7, -0.086212158203125, 
7.234375, -239, 0, 7, -0.0911712646484375, 
7.2421875, -282, 2, 7, -0.107574462890625, 
7.25, -294, 0, 7, -0.112152099609375, 
7.2578125, -225, 0, 7, -0.0858306884765625, 
7.265625, -171, 0, 7, -0.0652313232421875, 
7.2734375, -174, 0, 7, -0.066375732421875, 
7.28125, -154, 0, 7, -0.058746337890625, 
7.2890625, -74, 0, 7, -0.028228759765625, 
7.296875, -20, 0, 7, -0.00762939453125, 
7.3046875, -73, 0, 7, -0.0278472900390625, 
7.3125, -168, 0, 7, -0.0640869140625, 
7.3203125, -177, 0, 7, -0.0675201416015625, 
7.328125, -130, 0, 7, -0.049591064453125, 
7.3359375, -118, 0, 7, -0.045013427734375, 
7.34375, -173, 0, 7, -0.0659942626953125, 
7.3515625, -204, 0, 7, -0.07781982421875, 
7.359375, -192, 0, 7, -0.0732421875, 
7.3671875, -201, 2, 7, -0.0766754150390625, 
7.375, -234, 0, 7, -0.089263916015625, 
7.3828125, -269, 0, 7, -0.102615356445313, 
7.390625, -193, 0, 7, -0.0736236572265625, 
7.3984375, 46, 0, 7, 0.017547607421875, 
7.40625, 224, 0, 7, 0.08544921875, 
7.4140625, 86, 0, 7, 0.032806396484375, 
7.421875, -277, 0, 7, -0.105667114257813, 
7.4296875, -476, 0, 7, -0.18157958984375, 
7.4375, -403, 0, 7, -0.153732299804688, 
7.4453125, -260, 0, 7, -0.09918212890625, 
7.453125, -217, 0, 7, -0.0827789306640625, 
7.4609375, -222, 0, 7, -0.084686279296875, 
7.46875, -110, 0, 7, -0.041961669921875, 
7.4765625, 8, 0, 7, 0.0030517578125, 
7.484375, -39, 0, 7, -0.0148773193359375, 
7.4921875, -140, 2, 7, -0.05340576171875, 
7.5, -169, 0, 7, -0.0644683837890625, 
7.5078125, -95, 0, 7, -0.0362396240234375, 
7.515625, 15, 0, 7, 0.0057220458984375, 
7.5234375, 112, 0, 7, 0.042724609375, 
7.53125, 107, 0, 7, 0.0408172607421875, 
7.5390625, 24, 0, 7, 0.0091552734375, 
7.546875, -37, 0, 7, -0.0141143798828125, 
7.5546875, -81, 0, 7, -0.0308990478515625, 
7.5625, -41, 0, 7, -0.0156402587890625, 
7.5703125, 71, 0, 7, 0.0270843505859375, 
7.578125, 125, 0, 7, 0.0476837158203125, 
7.5859375, 64, 0, 7, 0.0244140625, 
7.59375, -35, 0, 7, -0.0133514404296875, 
7.6015625, -48, 0, 7, -0.018310546875, 
7.609375, 9, 0, 7, 0.0034332275390625, 
7.6171875, 93, 2, 7, 0.0354766845703125, 
7.625, 193, 0, 7, 0.0736236572265625, 
7.6328125, 258, 0, 7, 0.098419189453125, 
7.640625, 254, 0, 7, 0.096893310546875, 
7.6484375, 142, 0, 7, 0.054168701171875, 
7.65625, 50, 0, 7, 0.019073486328125, 
7.6640625, 125, 0, 7, 0.0476837158203125, 
7.671875, 260, 0, 7, 0.09918212890625, 
7.6796875, 281, 0, 7, 0.107192993164063, 
7.6875, 206, 0, 7, 0.078582763671875, 
7.6953125, 171, 0, 7, 0.0652313232421875, 
7.703125, 162, 0, 7, 0.061798095703125, 
7.7109375, 82, 0, 7, 0.031280517578125, 
7.71875, 11, 0, 7, 0.0041961669921875, 
7.7265625, 22, 0, 7, 0.008392333984375, 
7.734375, 12, 0, 7, 0.00457763671875, 
7.7421875, -145, 2, 7, -0.0553131103515625, 
7.75, -388, 0, 7, -0.14801025390625, 
7.7578125, -446, 0, 7, -0.170135498046875, 
7.765625, -293, 0, 7, -0.111770629882813, 
7.7734375, -200, 0, 7, -0.0762939453125, 
7.78125, -278, 0, 7, -0.106048583984375, 
7.7890625, -370, 0, 7, -0.141143798828125, 
7.796875, -302, 0, 7, -0.115203857421875, 
7.8046875, -160, 0, 7, -0.06103515625, 
7.8125, -131, 0, 7, -0.0499725341796875, 
7.8203125, -221, 0, 7, -0.0843048095703125, 
7.828125, -287, 0, 7, -0.109481811523438, 
7.8359375, -220, 0, 7, -0.08392333984375, 
7.84375, -126, 0, 7, -0.048065185546875, 
7.8515625, -96, 0, 7, -0.03662109375, 
7.859375, -133, 0, 7, -0.0507354736328125, 
7.8671875, -183, 2, 7, -0.0698089599609375, 
7.875, -134, 0, 7, -0.051116943359375, 
7.8828125, -75, 0, 7, -0.0286102294921875, 
7.890625, -98, 0, 7, -0.037384033203125, 
7.8984375, -132, 0, 7, -0.05035400390625, 
7.90625, -136, 0, 7, -0.0518798828125, 
7.9140625, -105, 0, 7, -0.0400543212890625, 
7.921875, -64, 0, 7, -0.0244140625, 
7.9296875, -45, 0, 7, -0.0171661376953125, 
7.9375, -60, 0, 7, -0.02288818359375, 
7.9453125, -62, 0, 7, -0.023651123046875, 
7.953125, -36, 0, 7, -0.01373291015625, 
7.9609375, -51, 0, 7, -0.0194549560546875, 
7.96875, -80, 0, 7, -0.030517578125, 
7.9765625, -63, 0, 7, -0.0240325927734375, 
7.984375, -58, 0, 7, -0.022125244140625, 
7.9921875, -69, 2, 7, -0.0263214111328125, 
8, -49, 0, 7, -0.0186920166015625, 
8.0078125, -28, 0, 7, -0.01068115234375, 
8.015625, -32, 0, 7, -0.01220703125, 
8.0234375, -75, 0, 7, -0.0286102294921875, 
8.03125, -112, 0, 7, -0.042724609375, 
8.0390625, -59, 0, 7, -0.0225067138671875, 
8.046875, 12, 0, 7, 0.00457763671875, 
8.0546875, 24, 0, 7, 0.0091552734375, 
8.0625, -34, 0, 7, -0.012969970703125, 
8.0703125, -97, 0, 7, -0.0370025634765625, 
8.078125, -86, 0, 7, -0.032806396484375, 
8.0859375, -21, 0, 7, -0.0080108642578125, 
8.09375, 71, 0, 7, 0.0270843505859375, 
8.1015625, 101, 0, 7, 0.0385284423828125, 
8.109375, 19, 0, 7, 0.0072479248046875, 
8.1171875, -87, 2, 7, -0.0331878662109375, 
8.125, -125, 0, 7, -0.0476837158203125, 
8.1328125, -41, 0, 7, -0.0156402587890625, 
8.140625, 65, 0, 7, 0.0247955322265625, 
8.1484375, 103, 0, 7, 0.0392913818359375, 
8.15625, 95, 0, 7, 0.0362396240234375, 
8.1640625, 34, 0, 7, 0.012969970703125, 
8.171875, -15, 0, 7, -0.0057220458984375, 
8.1796875, -44, 0, 7, -0.01678466796875, 
8.1875, -92, 0, 7, -0.03509521484375, 
8.1953125, -102, 0, 7, -0.038909912109375, 
8.203125, -87, 0, 7, -0.0331878662109375, 
8.2109375, -106, 0, 7, -0.040435791015625, 
8.21875, -94, 0, 7, -0.035858154296875, 
8.2265625, -49, 0, 7, -0.0186920166015625, 
8.234375, -4, 0, 7, -0.00152587890625, 
8.2421875, 63, 2, 7, 0.0240325927734375, 
8.25, 105, 0, 7, 0.0400543212890625, 
8.2578125, 39, 0, 7, 0.0148773193359375, 
8.265625, -148, 0, 7, -0.05645751953125, 
8.2734375, -327, 0, 7, -0.124740600585938, 
8.28125, -381, 0, 7, -0.145339965820313, 
8.2890625, -286, 0, 7, -0.109100341796875, 
8.296875, -149, 0, 7, -0.0568389892578125, 
8.3046875, -92, 0, 7, -0.03509521484375, 
8.3125, -55, 0, 7, -0.0209808349609375, 
8.3203125, -41, 0, 7, -0.0156402587890625, 
8.328125, -89, 0, 7, -0.0339508056640625, 
8.3359375, -95, 0, 7, -0.0362396240234375, 
8.34375, -17, 0, 7, -0.0064849853515625, 
8.3515625, 74, 0, 7, 0.028228759765625, 
8.359375, 100, 0, 7, 0.03814697265625, 
8.3671875, 52, 2, 7, 0.01983642578125, 
8.375, -7, 0, 7, -0.0026702880859375, 
8.3828125, -11, 0, 7, -0.0041961669921875, 
8.390625, 44, 0, 7, 0.01678466796875, 
8.3984375, 77, 0, 7, 0.0293731689453125, 
8.40625, 39, 0, 7, 0.0148773193359375, 
8.4140625, -23, 0, 7, -0.0087738037109375, 
8.421875, -17, 0, 7, -0.0064849853515625, 
8.4296875, 68, 0, 7, 0.02593994140625, 
8.4375, 143, 0, 7, 0.0545501708984375, 
8.4453125, 107, 0, 7, 0.0408172607421875, 
8.453125, 7, 0, 7, 0.0026702880859375, 
8.4609375, 1, 0, 7, 0.0003814697265625, 
8.46875, 108, 0, 7, 0.04119873046875, 
8.4765625, 199, 0, 7, 0.0759124755859375, 
8.484375, 146, 0, 7, 0.055694580078125, 
8.4921875, 58, 2, 7, 0.022125244140625, 
8.5, 149, 0, 7, 0.0568389892578125, 
8.5078125, 365, 0, 7, 0.139236450195313, 
8.515625, 425, 0, 7, 0.162124633789063, 
8.5234375, 231, 0, 7, 0.0881195068359375, 
8.53125, 14, 0, 7, 0.005340576171875, 
8.5390625, 10, 0, 7, 0.003814697265625, 
8.546875, 142, 0, 7, 0.054168701171875, 
8.5546875, 217, 0, 7, 0.0827789306640625, 
8.5625, 175, 0, 7, 0.0667572021484375, 
8.5703125, 60, 0, 7, 0.02288818359375, 
8.578125, -105, 0, 7, -0.0400543212890625, 
8.5859375, -249, 0, 7, -0.0949859619140625, 
8.59375, -268, 0, 7, -0.10223388671875, 
8.6015625, -216, 0, 7, -0.0823974609375, 
8.609375, -190, 0, 7, -0.072479248046875, 
8.6171875, -192, 2, 7, -0.0732421875, 
8.625, -165, 0, 7, -0.0629425048828125, 
8.6328125, -122, 0, 7, -0.046539306640625, 
8.640625, -123, 0, 7, -0.0469207763671875, 
8.6484375, -209, 0, 7, -0.0797271728515625, 
8.65625, -243, 0, 7, -0.0926971435546875, 
8.6640625, -141, 0, 7, -0.0537872314453125, 
8.671875, -64, 0, 7, -0.0244140625, 
8.6796875, -73, 0, 7, -0.0278472900390625, 
8.6875, -93, 0, 7, -0.0354766845703125, 
8.6953125, -131, 0, 7, -0.0499725341796875, 
8.703125, -138, 0, 7, -0.052642822265625, 
8.7109375, -92, 0, 7, -0.03509521484375, 
8.71875, -82, 0, 7, -0.031280517578125, 
8.7265625, -156, 0, 7, -0.05950927734375, 
8.734375, -189, 0, 7, -0.0720977783203125, 
8.7421875, -109, 2, 7, -0.0415802001953125, 
8.75, -2, 0, 7, -0.000762939453125, 
8.7578125, 40, 0, 7, 0.0152587890625, 
8.765625, -19, 0, 7, -0.0072479248046875, 
8.7734375, -93, 0, 7, -0.0354766845703125, 
8.78125, -63, 0, 7, -0.0240325927734375, 
8.7890625, -34, 0, 7, -0.012969970703125, 
8.796875, -89, 0, 7, -0.0339508056640625, 
8.8046875, -118, 0, 7, -0.045013427734375, 
8.8125, -75, 0, 7, -0.0286102294921875, 
8.8203125, 3, 0, 7, 0.0011444091796875, 
8.828125, 47, 0, 7, 0.0179290771484375, 
8.8359375, -23, 0, 7, -0.0087738037109375, 
8.84375, -125, 0, 7, -0.0476837158203125, 
8.8515625, -119, 0, 7, -0.0453948974609375, 
8.859375, -7, 0, 7, -0.0026702880859375, 
8.8671875, 74, 2, 7, 0.028228759765625, 
8.875, 61, 0, 7, 0.0232696533203125, 
8.8828125, 4, 0, 7, 0.00152587890625, 
8.890625, -70, 0, 7, -0.026702880859375, 
8.8984375, -93, 0, 7, -0.0354766845703125, 
8.90625, -60, 0, 7, -0.02288818359375, 
8.9140625, -38, 0, 7, -0.014495849609375, 
8.921875, -21, 0, 7, -0.0080108642578125, 
8.9296875, -10, 0, 7, -0.003814697265625, 
8.9375, 35, 0, 7, 0.0133514404296875, 
8.9453125, 118, 0, 7, 0.045013427734375, 
8.953125, 145, 0, 7, 0.0553131103515625, 
8.9609375, 92, 0, 7, 0.03509521484375, 
8.96875, 39, 0, 7, 0.0148773193359375, 
8.9765625, 44, 0, 7, 0.01678466796875, 
8.984375, 56, 0, 7, 0.0213623046875, 
8.9921875, 40, 2, 7, 0.0152587890625, 
9, 66, 0, 7, 0.025177001953125, 
9.0078125, 138, 0, 7, 0.052642822265625, 
9.015625, 181, 0, 7, 0.0690460205078125, 
9.0234375, 241, 0, 7, 0.0919342041015625, 
9.03125, 306, 0, 7, 0.116729736328125, 
9.0390625, 274, 0, 7, 0.104522705078125, 
9.046875, 92, 0, 7, 0.03509521484375, 
9.0546875, -112, 0, 7, -0.042724609375, 
9.0625, -126, 0, 7, -0.048065185546875, 
9.0703125, 17, 0, 7, 0.0064849853515625, 
9.078125, 72, 0, 7, 0.0274658203125, 
9.0859375, -31, 0, 7, -0.0118255615234375, 
9.09375, -58, 0, 7, -0.022125244140625, 
9.1015625, 80, 0, 7, 0.030517578125, 
9.109375, 157, 0, 7, 0.0598907470703125, 
9.1171875, 75, 2, 7, 0.0286102294921875, 
9.125, 67, 0, 7, 0.0255584716796875, 
9.1328125, 266, 0, 7, 0.101470947265625, 
9.140625, 412, 0, 7, 0.15716552734375, 
9.1484375, 150, 0, 7, 0.057220458984375, 
9.15625, -363, 0, 7, -0.138473510742188, 
9.1640625, -561, 0, 7, -0.214004516601563, 
9.171875, -355, 0, 7, -0.135421752929688, 
9.1796875, -183, 0, 7, -0.0698089599609375, 
9.1875, -186, 0, 7, -0.070953369140625, 
9.1953125, -177, 0, 7, -0.0675201416015625, 
9.203125, -77, 0, 7, -0.0293731689453125, 
9.2109375, -11, 0, 7, -0.0041961669921875, 
9.21875, -69, 0, 7, -0.0263214111328125, 
9.2265625, -116, 0, 7, -0.04425048828125, 
9.234375, -42, 0, 7, -0.016021728515625, 
9.2421875, 29, 2, 7, 0.0110626220703125, 
9.25, -5, 0, 7, -0.0019073486328125, 
9.2578125, -55, 0, 7, -0.0209808349609375, 
9.265625, -108, 0, 7, -0.04119873046875, 
9.2734375, -179, 0, 7, -0.0682830810546875, 
9.28125, -156, 0, 7, -0.05950927734375, 
9.2890625, -38, 0, 7, -0.014495849609375, 
9.296875, 62, 0, 7, 0.023651123046875, 
9.3046875, 104, 0, 7, 0.0396728515625, 
9.3125, 153, 0, 7, 0.0583648681640625, 
9.3203125, 209, 0, 7, 0.0797271728515625, 
9.328125, 233, 0, 7, 0.0888824462890625, 
9.3359375, 223, 0, 7, 0.0850677490234375, 
9.34375, 204, 0, 7, 0.07781982421875, 
9.3515625, 298, 0, 7, 0.113677978515625, 
9.359375, 452, 0, 7, 0.17242431640625, 
9.3671875, 540, 2, 7, 0.20599365234375, 
9.375, 577, 0, 7, 0.220108032226563, 
9.3828125, 629, 0, 7, 0.239944458007813, 
9.390625, 851, 0, 7, 0.324630737304688, 
9.3984375, 1165, 0, 7, 0.444412231445313, 
9.40625, 1386, 0, 7, 0.528717041015625, 
9.4140625, 1581, 0, 7, 0.603103637695313, 
9.421875, 1865, 0, 7, 0.711441040039063, 
9.4296875, 2200, 0, 7, 0.8392333984375, 
9.4375, 2351, 0, 7, 0.896835327148438, 
9.4453125, 2279, 0, 7, 0.869369506835938, 
9.453125, 2240, 0, 7, 0.8544921875, 
9.4609375, 2288, 0, 7, 0.872802734375, 
9.46875, 2220, 0, 7, 0.84686279296875, 
9.4765625, 1821, 0, 7, 0.694656372070313, 
9.484375, 1382, 0, 7, 0.527191162109375, 
9.4921875, 1286, 2, 7, 0.490570068359375, 
9.5, 1408, 0, 7, 0.537109375, 
9.5078125, 1527, 0, 7, 0.582504272460938, 
9.515625, 1458, 0, 7, 0.556182861328125, 
9.5234375, 1259, 0, 7, 0.480270385742188, 
9.53125, 1150, 0, 7, 0.438690185546875, 
9.5390625, 1048, 0, 7, 0.3997802734375, 
9.546875, 860, 0, 7, 0.32806396484375, 
9.5546875, 667, 0, 7, 0.254440307617188, 
9.5625, 458, 0, 7, 0.174713134765625, 
9.5703125, 223, 0, 7, 0.0850677490234375, 
9.578125, 138, 0, 7, 0.052642822265625, 
9.5859375, 139, 0, 7, 0.0530242919921875, 
9.59375, 70, 0, 7, 0.026702880859375, 
9.6015625, 88, 0, 7, 0.0335693359375, 
9.609375, 184, 0, 7, 0.0701904296875, 
9.6171875, 110, 2, 7, 0.041961669921875, 
9.625, -97, 0, 7, -0.0370025634765625, 
9.6328125, -266, 0, 7, -0.101470947265625, 
9.640625, -396, 0, 7, -0.15106201171875, 
9.6484375, -482, 0, 7, -0.183868408203125, 
9.65625, -602, 0, 7, -0.229644775390625, 
9.6640625, -799, 0, 7, -0.304794311523438, 
9.671875, -824, 0, 7, -0.3143310546875, 
9.6796875, -764, 0, 7, -0.29144287109375, 
9.6875, -803, 0, 7, -0.306320190429688, 
9.6953125, -674, 0, 7, -0.257110595703125, 
9.703125, -326, 0, 7, -0.124359130859375, 
9.7109375, -63, 0, 7, -0.0240325927734375, 
9.71875, -140, 0, 7, -0.05340576171875, 
9.7265625, -349, 0, 7, -0.133132934570313, 
9.734375, -221, 0, 7, -0.0843048095703125, 
9.7421875, 214, 2, 7, 0.081634521484375, 
9.75, 470, 0, 7, 0.179290771484375, 
9.7578125, 322, 0, 7, 0.122833251953125, 
9.765625, 228, 0, 7, 0.08697509765625, 
9.7734375, 557, 0, 7, 0.212478637695313, 
9.78125, 967, 0, 7, 0.368881225585938, 
9.7890625, 1070, 0, 7, 0.408172607421875, 
9.796875, 993, 0, 7, 0.378799438476563, 
9.8046875, 1144, 0, 7, 0.4364013671875, 
9.8125, 1460, 0, 7, 0.55694580078125, 
9.8203125, 1538, 0, 7, 0.586700439453125, 
9.828125, 1368, 0, 7, 0.5218505859375, 
9.8359375, 1256, 0, 7, 0.4791259765625, 
9.84375, 1350, 0, 7, 0.514984130859375, 
9.8515625, 1527, 0, 7, 0.582504272460938, 
9.859375, 1587, 0, 7, 0.605392456054688, 
9.8671875, 1489, 2, 7, 0.568008422851563, 
9.875, 1341, 0, 7, 0.511550903320313, 
9.8828125, 1157, 0, 7, 0.441360473632813, 
9.890625, 885, 0, 7, 0.337600708007813, 
9.8984375, 581, 0, 7, 0.221633911132813, 
9.90625, 286, 0, 7, 0.109100341796875, 
9.9140625, 4, 0, 7, 0.00152587890625, 
9.921875, -196, 0, 7, -0.07476806640625, 
9.9296875, -329, 0, 7, -0.125503540039063, 
9.9375, -472, 0, 7, -0.1800537109375, 
9.9453125, -562, 0, 7, -0.214385986328125, 
9.953125, -500, 0, 7, -0.19073486328125, 
9.9609375, -437, 0, 7, -0.166702270507813, 
9.96875, -595, 0, 7, -0.226974487304688, 
9.9765625, -854, 0, 7, -0.325775146484375, 
9.984375, -890, 0, 7, -0.339508056640625, 
9.9921875, -645, 2, 7, -0.246047973632813, 
10, -389, 0, 7, -0.148391723632813, 
10.0078125, -372, 0, 7, -0.14190673828125, 
10.015625, -444, 0, 7, -0.16937255859375, 
10.0234375, -456, 0, 7, -0.1739501953125, 
10.03125, -443, 0, 7, -0.168991088867188, 
10.0390625, -428, 0, 7, -0.16326904296875, 
10.046875, -347, 0, 7, -0.132369995117188, 
10.0546875, -190, 0, 7, -0.072479248046875, 
10.0625, -110, 0, 7, -0.041961669921875, 
10.0703125, -163, 0, 7, -0.0621795654296875, 
10.078125, -234, 0, 7, -0.089263916015625, 
10.0859375, -254, 0, 7, -0.096893310546875, 
10.09375, -233, 0, 7, -0.0888824462890625, 
10.1015625, -247, 0, 7, -0.0942230224609375, 
10.109375, -273, 0, 7, -0.104141235351563, 
10.1171875, -285, 2, 7, -0.108718872070313, 
10.125, -214, 0, 7, -0.081634521484375, 
10.1328125, -76, 0, 7, -0.02899169921875, 
10.140625, -18, 0, 7, -0.006866455078125, 
10.1484375, 14, 0, 7, 0.005340576171875, 
10.15625, 130, 0, 7, 0.049591064453125, 
10.1640625, 204, 0, 7, 0.07781982421875, 
10.171875, 136, 0, 7, 0.0518798828125, 
10.1796875, 21, 0, 7, 0.0080108642578125, 
10.1875, 43, 0, 7, 0.0164031982421875, 
10.1953125, 231, 0, 7, 0.0881195068359375, 
10.203125, 415, 0, 7, 0.158309936523438, 
10.2109375, 432, 0, 7, 0.164794921875, 
10.21875, 412, 0, 7, 0.15716552734375, 
10.2265625, 444, 0, 7, 0.16937255859375, 
10.234375, 388, 0, 7, 0.14801025390625, 
10.2421875, 267, 2, 7, 0.101852416992188, 
10.25, 253, 0, 7, 0.0965118408203125, 
10.2578125, 296, 0, 7, 0.1129150390625, 
10.265625, 253, 0, 7, 0.0965118408203125, 
10.2734375, 125, 0, 7, 0.0476837158203125, 
10.28125, -4, 0, 7, -0.00152587890625, 
10.2890625, -29, 0, 7, -0.0110626220703125, 
10.296875, 83, 0, 7, 0.0316619873046875, 
10.3046875, 185, 0, 7, 0.0705718994140625, 
10.3125, 163, 0, 7, 0.0621795654296875, 
10.3203125, 32, 0, 7, 0.01220703125, 
10.328125, -89, 0, 7, -0.0339508056640625, 
10.3359375, -129, 0, 7, -0.0492095947265625, 
10.34375, -136, 0, 7, -0.0518798828125, 
10.3515625, -188, 0, 7, -0.07171630859375, 
10.359375, -241, 0, 7, -0.0919342041015625, 
10.3671875, -214, 2, 7, -0.081634521484375, 
10.375, -163, 0, 7, -0.0621795654296875, 
10.3828125, -135, 0, 7, -0.0514984130859375, 
10.390625, -80, 0, 7, -0.030517578125, 
10.3984375, -47, 0, 7, -0.0179290771484375, 
10.40625, -118, 0, 7, -0.045013427734375, 
10.4140625, -280, 0, 7, -0.1068115234375, 
10.421875, -376, 0, 7, -0.1434326171875, 
10.4296875, -236, 0, 7, -0.09002685546875, 
10.4375, 58, 0, 7, 0.022125244140625, 
10.4453125, 293, 0, 7, 0.111770629882813, 
10.453125, 346, 0, 7, 0.131988525390625, 
10.4609375, 231, 0, 7, 0.0881195068359375, 
10.46875, 64, 0, 7, 0.0244140625, 
10.4765625, -51, 0, 7, -0.0194549560546875, 
10.484375, -88, 0, 7, -0.0335693359375, 
10.4921875, -42, 2, 7, -0.016021728515625, 
10.5, 55, 0, 7, 0.0209808349609375, 
10.5078125, 94, 0, 7, 0.035858154296875, 
10.515625, 39, 0, 7, 0.0148773193359375, 
10.5234375, 42, 0, 7, 0.016021728515625, 
10.53125, 237, 0, 7, 0.0904083251953125, 
10.5390625, 525, 0, 7, 0.200271606445313, 
10.546875, 874, 0, 7, 0.333404541015625, 
10.5546875, 1241, 0, 7, 0.473403930664063, 
10.5625, 1490, 0, 7, 0.568389892578125, 
10.5703125, 1477, 0, 7, 0.563430786132813, 
10.578125, 1206, 0, 7, 0.460052490234375, 
10.5859375, 998, 0, 7, 0.380706787109375, 
10.59375, 1042, 0, 7, 0.397491455078125, 
10.6015625, 1190, 0, 7, 0.453948974609375, 
10.609375, 1259, 0, 7, 0.480270385742188, 
10.6171875, 1088, 2, 7, 0.4150390625, 
10.625, 594, 0, 7, 0.226593017578125, 
10.6328125, -142, 0, 7, -0.054168701171875, 
10.640625, -788, 0, 7, -0.30059814453125, 
10.6484375, -1011, 0, 7, -0.385665893554688, 
10.65625, -774, 0, 7, -0.295257568359375, 
10.6640625, -448, 0, 7, -0.1708984375, 
10.671875, -450, 0, 7, -0.171661376953125, 
10.6796875, -676, 0, 7, -0.25787353515625, 
10.6875, -777, 0, 7, -0.296401977539063, 
10.6953125, -590, 0, 7, -0.225067138671875, 
10.703125, -300, 0, 7, -0.11444091796875, 
10.7109375, -244, 0, 7, -0.09307861328125, 
10.71875, -349, 0, 7, -0.133132934570313, 
10.7265625, -281, 0, 7, -0.107192993164063, 
10.734375, -65, 0, 7, -0.0247955322265625, 
10.7421875, 37, 2, 7, 0.0141143798828125, 
10.75, 47, 0, 7, 0.0179290771484375, 
10.7578125, 219, 0, 7, 0.0835418701171875, 
10.765625, 497, 0, 7, 0.189590454101563, 
10.7734375, 590, 0, 7, 0.225067138671875, 
10.78125, 403, 0, 7, 0.153732299804688, 
10.7890625, 144, 0, 7, 0.054931640625, 
10.796875, 86, 0, 7, 0.032806396484375, 
10.8046875, 140, 0, 7, 0.05340576171875, 
10.8125, 91, 0, 7, 0.0347137451171875, 
10.8203125, -19, 0, 7, -0.0072479248046875, 
10.828125, -130, 0, 7, -0.049591064453125, 
10.8359375, -186, 0, 7, -0.070953369140625, 
10.84375, -140, 0, 7, -0.05340576171875, 
10.8515625, -4, 0, 7, -0.00152587890625, 
10.859375, 181, 0, 7, 0.0690460205078125, 
10.8671875, 344, 2, 7, 0.1312255859375, 
10.875, 473, 0, 7, 0.180435180664063, 
10.8828125, 525, 0, 7, 0.200271606445313, 
10.890625, 442, 0, 7, 0.168609619140625, 
10.8984375, 238, 0, 7, 0.090789794921875, 
10.90625, -1, 0, 7, -0.0003814697265625, 
10.9140625, -149, 0, 7, -0.0568389892578125, 
10.921875, -287, 0, 7, -0.109481811523438, 
10.9296875, -543, 0, 7, -0.207138061523438, 
10.9375, -876, 0, 7, -0.33416748046875, 
10.9453125, -1201, 0, 7, -0.458145141601563, 
10.953125, -1397, 0, 7, -0.532913208007813, 
10.9609375, -1481, 0, 7, -0.564956665039063, 
10.96875, -1604, 0, 7, -0.61187744140625, 
10.9765625, -1684, 0, 7, -0.64239501953125, 
10.984375, -1682, 0, 7, -0.641632080078125, 
10.9921875, -1773, 2, 7, -0.676345825195313, 
11, -2034, 0, 7, -0.775909423828125, 
11.0078125, -2315, 0, 7, -0.883102416992188, 
11.015625, -2347, 0, 7, -0.895309448242188, 
11.0234375, -2170, 0, 7, -0.827789306640625, 
11.03125, -2139, 0, 7, -0.815963745117188, 
11.0390625, -2471, 0, 7, -0.942611694335938, 
11.046875, -2893, 0, 7, -1.10359191894531, 
11.0546875, -3059, 0, 7, -1.16691589355469, 
11.0625, -3088, 0, 7, -1.177978515625, 
11.0703125, -3085, 0, 7, -1.17683410644531, 
11.078125, -3031, 0, 7, -1.15623474121094, 
11.0859375, -3060, 0, 7, -1.16729736328125, 
11.09375, -3213, 0, 7, -1.22566223144531, 
11.1015625, -3441, 0, 7, -1.31263732910156, 
11.109375, -3603, 0, 7, -1.37443542480469, 
11.1171875, -3467, 2, 7, -1.32255554199219, 
11.125, -3066, 0, 7, -1.16958618164063, 
11.1328125, -2682, 0, 7, -1.02310180664063, 
11.140625, -2481, 0, 7, -0.946426391601563, 
11.1484375, -2380, 0, 7, -0.90789794921875, 
11.15625, -2276, 0, 7, -0.86822509765625, 
11.1640625, -2178, 0, 7, -0.830841064453125, 
11.171875, -2261, 0, 7, -0.862503051757813, 
11.1796875, -2682, 0, 7, -1.02310180664063, 
11.1875, -3261, 0, 7, -1.24397277832031, 
11.1953125, -3628, 0, 7, -1.38397216796875, 
11.203125, -3727, 0, 7, -1.42173767089844, 
11.2109375, -3713, 0, 7, -1.41639709472656, 
11.21875, -3714, 0, 7, -1.41677856445313, 
11.2265625, -3747, 0, 7, -1.42936706542969, 
11.234375, -3724, 0, 7, -1.42059326171875, 
11.2421875, -3630, 2, 7, -1.38473510742188, 
11.25, -3552, 0, 7, -1.35498046875, 
11.2578125, -3443, 0, 7, -1.31340026855469, 
11.265625, -3270, 0, 7, -1.24740600585938, 
11.2734375, -3095, 0, 7, -1.18064880371094, 
11.28125, -3015, 0, 7, -1.15013122558594, 
11.2890625, -3031, 0, 7, -1.15623474121094, 
11.296875, -3001, 0, 7, -1.14479064941406, 
11.3046875, -2851, 0, 7, -1.08757019042969, 
11.3125, -2658, 0, 7, -1.01394653320313, 
11.3203125, -2506, 0, 7, -0.955963134765625, 
11.328125, -2363, 0, 7, -0.901412963867188, 
11.3359375, -2191, 0, 7, -0.835800170898438, 
11.34375, -2028, 0, 7, -0.77362060546875, 
11.3515625, -1881, 0, 7, -0.717544555664063, 
11.359375, -1782, 0, 7, -0.679779052734375, 
11.3671875, -1755, 2, 7, -0.669479370117188, 
11.375, -1705, 0, 7, -0.650405883789063, 
11.3828125, -1627, 0, 7, -0.620651245117188, 
11.390625, -1566, 0, 7, -0.597381591796875, 
11.3984375, -1519, 0, 7, -0.579452514648438, 
11.40625, -1481, 0, 7, -0.564956665039063, 
11.4140625, -1406, 0, 7, -0.536346435546875, 
11.421875, -1336, 0, 7, -0.5096435546875, 
11.4296875, -1323, 0, 7, -0.504684448242188, 
11.4375, -1350, 0, 7, -0.514984130859375, 
11.4453125, -1323, 0, 7, -0.504684448242188, 
11.453125, -1241, 0, 7, -0.473403930664063, 
11.4609375, -1206, 0, 7, -0.460052490234375, 
11.46875, -1237, 0, 7, -0.471878051757813, 
11.4765625, -1287, 0, 7, -0.490951538085938, 
11.484375, -1277, 0, 7, -0.487136840820313, 
11.4921875, -1199, 2, 7, -0.457382202148438, 
11.5, -1153, 0, 7, -0.439834594726563, 
11.5078125, -1177, 0, 7, -0.448989868164063, 
11.515625, -1200, 0, 7, -0.457763671875, 
11.5234375, -1133, 0, 7, -0.432205200195313, 
11.53125, -996, 0, 7, -0.37994384765625, 
11.5390625, -853, 0, 7, -0.325393676757813, 
11.546875, -749, 0, 7, -0.285720825195313, 
11.5546875, -703, 0, 7, -0.268173217773438, 
11.5625, -674, 0, 7, -0.257110595703125, 
11.5703125, -661, 0, 7, -0.252151489257813, 
11.578125, -679, 0, 7, -0.259017944335938, 
11.5859375, -708, 0, 7, -0.27008056640625, 
11.59375, -614, 0, 7, -0.234222412109375, 
11.6015625, -401, 0, 7, -0.152969360351563, 
11.609375, -305, 0, 7, -0.116348266601563, 
11.6171875, -386, 2, 7, -0.147247314453125, 
11.625, -500, 0, 7, -0.19073486328125, 
11.6328125, -484, 0, 7, -0.18463134765625, 
11.640625, -306, 0, 7, -0.116729736328125, 
11.6484375, -160, 0, 7, -0.06103515625, 
11.65625, -92, 0, 7, -0.03509521484375, 
11.6640625, -38, 0, 7, -0.014495849609375, 
11.671875, -25, 0, 7, -0.0095367431640625, 
11.6796875, -74, 0, 7, -0.028228759765625, 
11.6875, -74, 0, 7, -0.028228759765625, 
11.6953125, 62, 0, 7, 0.023651123046875, 
11.703125, 252, 0, 7, 0.09613037109375, 
11.7109375, 396, 0, 7, 0.15106201171875, 
11.71875, 396, 0, 7, 0.15106201171875, 
11.7265625, 187, 0, 7, 0.0713348388671875, 
11.734375, -60, 0, 7, -0.02288818359375, 
11.7421875, -144, 2, 7, -0.054931640625, 
11.75, -64, 0, 7, -0.0244140625, 
11.7578125, 110, 0, 7, 0.041961669921875, 
11.765625, 302, 0, 7, 0.115203857421875, 
11.7734375, 439, 0, 7, 0.167465209960938, 
11.78125, 491, 0, 7, 0.187301635742188, 
11.7890625, 424, 0, 7, 0.1617431640625, 
11.796875, 294, 0, 7, 0.112152099609375, 
11.8046875, 298, 0, 7, 0.113677978515625, 
11.8125, 435, 0, 7, 0.165939331054688, 
11.8203125, 517, 0, 7, 0.197219848632813, 
11.828125, 489, 0, 7, 0.186538696289063, 
11.8359375, 468, 0, 7, 0.17852783203125, 
11.84375, 564, 0, 7, 0.21514892578125, 
11.8515625, 696, 0, 7, 0.2655029296875, 
11.859375, 737, 0, 7, 0.281143188476563, 
11.8671875, 718, 2, 7, 0.273895263671875, 
11.875, 771, 0, 7, 0.294113159179688, 
11.8828125, 901, 0, 7, 0.343704223632813, 
11.890625, 964, 0, 7, 0.36773681640625, 
11.8984375, 1035, 0, 7, 0.394821166992188, 
11.90625, 1170, 0, 7, 0.446319580078125, 
11.9140625, 1291, 0, 7, 0.492477416992188, 
11.921875, 1399, 0, 7, 0.533676147460938, 
11.9296875, 1470, 0, 7, 0.560760498046875, 
11.9375, 1566, 0, 7, 0.597381591796875, 
11.9453125, 1710, 0, 7, 0.652313232421875, 
11.953125, 1783, 0, 7, 0.680160522460938, 
11.9609375, 1845, 0, 7, 0.703811645507813, 
11.96875, 2018, 0, 7, 0.769805908203125, 
11.9765625, 2265, 0, 7, 0.864028930664063, 
11.984375, 2379, 0, 7, 0.907516479492188, 
11.9921875, 2286, 2, 7, 0.872039794921875, 
12, 2104, 0, 7, 0.8026123046875, 
12.0078125, 1993, 0, 7, 0.760269165039063, 
12.015625, 2015, 0, 7, 0.768661499023438, 
12.0234375, 1965, 0, 7, 0.749588012695313, 
12.03125, 1783, 0, 7, 0.680160522460938, 
12.0390625, 1672, 0, 7, 0.6378173828125, 
12.046875, 1613, 0, 7, 0.615310668945313, 
12.0546875, 1509, 0, 7, 0.575637817382813, 
12.0625, 1345, 0, 7, 0.513076782226563, 
12.0703125, 1213, 0, 7, 0.462722778320313, 
12.078125, 1196, 0, 7, 0.45623779296875, 
12.0859375, 1215, 0, 7, 0.463485717773438, 
12.09375, 1187, 0, 7, 0.452804565429688, 
12.1015625, 1144, 0, 7, 0.4364013671875, 
12.109375, 1147, 0, 7, 0.437545776367188, 
12.1171875, 1156, 2, 7, 0.44097900390625, 
12.125, 1126, 0, 7, 0.429534912109375, 
12.1328125, 1092, 0, 7, 0.41656494140625, 
12.140625, 1053, 0, 7, 0.401687622070313, 
12.1484375, 1015, 0, 7, 0.387191772460938, 
12.15625, 1024, 0, 7, 0.390625, 
12.1640625, 1049, 0, 7, 0.400161743164063, 
12.171875, 1038, 0, 7, 0.395965576171875, 
12.1796875, 985, 0, 7, 0.375747680664063, 
12.1875, 907, 0, 7, 0.345993041992188, 
12.1953125, 821, 0, 7, 0.313186645507813, 
12.203125, 724, 0, 7, 0.27618408203125, 
12.2109375, 676, 0, 7, 0.25787353515625, 
12.21875, 695, 0, 7, 0.265121459960938, 
12.2265625, 736, 0, 7, 0.28076171875, 
12.234375, 756, 0, 7, 0.28839111328125, 
12.2421875, 699, 2, 7, 0.266647338867188, 
12.25, 645, 0, 7, 0.246047973632813, 
12.2578125, 640, 0, 7, 0.244140625, 
12.265625, 660, 0, 7, 0.25177001953125, 
12.2734375, 662, 0, 7, 0.252532958984375, 
12.28125, 592, 0, 7, 0.225830078125, 
12.2890625, 447, 0, 7, 0.170516967773438, 
12.296875, 308, 0, 7, 0.11749267578125, 
12.3046875, 322, 0, 7, 0.122833251953125, 
12.3125, 461, 0, 7, 0.175857543945313, 
12.3203125, 543, 0, 7, 0.207138061523438, 
12.328125, 512, 0, 7, 0.1953125, 
12.3359375, 417, 0, 7, 0.159072875976563, 
12.34375, 358, 0, 7, 0.136566162109375, 
12.3515625, 387, 0, 7, 0.147628784179688, 
12.359375, 474, 0, 7, 0.180816650390625, 
12.3671875, 536, 2, 7, 0.2044677734375, 
12.375, 517, 0, 7, 0.197219848632813, 
12.3828125, 487, 0, 7, 0.185775756835938, 
12.390625, 496, 0, 7, 0.189208984375, 
12.3984375, 565, 0, 7, 0.215530395507813, 
12.40625, 668, 0, 7, 0.25482177734375, 
12.4140625, 722, 0, 7, 0.275421142578125, 
12.421875, 708, 0, 7, 0.27008056640625, 
12.4296875, 655, 0, 7, 0.249862670898438, 
12.4375, 611, 0, 7, 0.233078002929688, 
12.4453125, 530, 0, 7, 0.202178955078125, 
12.453125, 422, 0, 7, 0.160980224609375, 
12.4609375, 372, 0, 7, 0.14190673828125, 
12.46875, 357, 0, 7, 0.136184692382813, 
12.4765625, 355, 0, 7, 0.135421752929688, 
12.484375, 335, 0, 7, 0.127792358398438, 
12.4921875, 309, 2, 7, 0.117874145507813, 
12.5, 341, 0, 7, 0.130081176757813, 
12.5078125, 362, 0, 7, 0.138092041015625, 
12.515625, 396, 0, 7, 0.15106201171875, 
12.5234375, 513, 0, 7, 0.195693969726563, 
12.53125, 580, 0, 7, 0.22125244140625, 
12.5390625, 387, 0, 7, 0.147628784179688, 
12.546875, 0, 0, 7, 0, 
12.5546875, -200, 0, 7, -0.0762939453125, 
12.5625, -71, 0, 7, -0.0270843505859375, 
12.5703125, 177, 0, 7, 0.0675201416015625, 
12.578125, 329, 0, 7, 0.125503540039063, 
12.5859375, 384, 0, 7, 0.146484375, 
12.59375, 421, 0, 7, 0.160598754882813, 
12.6015625, 412, 0, 7, 0.15716552734375, 
12.609375, 345, 0, 7, 0.131607055664063, 
12.6171875, 330, 2, 7, 0.125885009765625, 
12.625, 403, 0, 7, 0.153732299804688, 
12.6328125, 438, 0, 7, 0.167083740234375, 
12.640625, 372, 0, 7, 0.14190673828125, 
12.6484375, 264, 0, 7, 0.1007080078125, 
12.65625, 251, 0, 7, 0.0957489013671875, 
12.6640625, 322, 0, 7, 0.122833251953125, 
12.671875, 334, 0, 7, 0.127410888671875, 
12.6796875, 312, 0, 7, 0.1190185546875, 
12.6875, 358, 0, 7, 0.136566162109375, 
12.6953125, 425, 0, 7, 0.162124633789063, 
12.703125, 385, 0, 7, 0.146865844726563, 
12.7109375, 251, 0, 7, 0.0957489013671875, 
12.71875, 195, 0, 7, 0.0743865966796875, 
12.7265625, 219, 0, 7, 0.0835418701171875, 
12.734375, 260, 0, 7, 0.09918212890625, 
12.7421875, 321, 2, 7, 0.122451782226563, 
12.75, 386, 0, 7, 0.147247314453125, 
12.7578125, 394, 0, 7, 0.150299072265625, 
12.765625, 294, 0, 7, 0.112152099609375, 
12.7734375, 181, 0, 7, 0.0690460205078125, 
12.78125, 251, 0, 7, 0.0957489013671875, 
12.7890625, 443, 0, 7, 0.168991088867188, 
12.796875, 523, 0, 7, 0.199508666992188, 
12.8046875, 437, 0, 7, 0.166702270507813, 
12.8125, 345, 0, 7, 0.131607055664063, 
12.8203125, 288, 0, 7, 0.10986328125, 
12.828125, 234, 0, 7, 0.089263916015625, 
12.8359375, 210, 0, 7, 0.080108642578125, 
12.84375, 211, 0, 7, 0.0804901123046875, 
12.8515625, 137, 0, 7, 0.0522613525390625, 
12.859375, 15, 0, 7, 0.0057220458984375, 
12.8671875, -92, 2, 7, -0.03509521484375, 
12.875, -155, 0, 7, -0.0591278076171875, 
12.8828125, -140, 0, 7, -0.05340576171875, 
12.890625, -70, 0, 7, -0.026702880859375, 
12.8984375, -10, 0, 7, -0.003814697265625, 
12.90625, 54, 0, 7, 0.020599365234375, 
12.9140625, 26, 0, 7, 0.009918212890625, 
12.921875, -116, 0, 7, -0.04425048828125, 
12.9296875, -205, 0, 7, -0.0782012939453125, 
12.9375, -111, 0, 7, -0.0423431396484375, 
12.9453125, 60, 0, 7, 0.02288818359375, 
12.953125, 122, 0, 7, 0.046539306640625, 
12.9609375, 53, 0, 7, 0.0202178955078125, 
12.96875, -40, 0, 7, -0.0152587890625, 
12.9765625, -61, 0, 7, -0.0232696533203125, 
12.984375, -18, 0, 7, -0.006866455078125, 
12.9921875, -1, 2, 7, -0.0003814697265625, 
13, 2, 0, 7, 0.000762939453125, 
13.0078125, 7, 0, 7, 0.0026702880859375, 
13.015625, -18, 0, 7, -0.006866455078125, 
13.0234375, -54, 0, 7, -0.020599365234375, 
13.03125, -62, 0, 7, -0.023651123046875, 
13.0390625, -35, 0, 7, -0.0133514404296875, 
13.046875, -39, 0, 7, -0.0148773193359375, 
13.0546875, -72, 0, 7, -0.0274658203125, 
13.0625, -97, 0, 7, -0.0370025634765625, 
13.0703125, -93, 0, 7, -0.0354766845703125, 
13.078125, -83, 0, 7, -0.0316619873046875, 
13.0859375, -91, 0, 7, -0.0347137451171875, 
13.09375, -92, 0, 7, -0.03509521484375, 
13.1015625, -82, 0, 7, -0.031280517578125, 
13.109375, -115, 0, 7, -0.0438690185546875, 
13.1171875, -144, 2, 7, -0.054931640625, 
13.125, -115, 0, 7, -0.0438690185546875, 
13.1328125, -94, 0, 7, -0.035858154296875, 
13.140625, -149, 0, 7, -0.0568389892578125, 
13.1484375, -200, 0, 7, -0.0762939453125, 
13.15625, -186, 0, 7, -0.070953369140625, 
13.1640625, -130, 0, 7, -0.049591064453125, 
13.171875, -89, 0, 7, -0.0339508056640625, 
13.1796875, -98, 0, 7, -0.037384033203125, 
13.1875, -124, 0, 7, -0.04730224609375, 
13.1953125, -90, 0, 7, -0.034332275390625, 
13.203125, -72, 0, 7, -0.0274658203125, 
13.2109375, -103, 0, 7, -0.0392913818359375, 
13.21875, -134, 0, 7, -0.051116943359375, 
13.2265625, -194, 0, 7, -0.074005126953125, 
13.234375, -279, 0, 7, -0.106430053710938, 
13.2421875, -329, 2, 7, -0.125503540039063, 
13.25, -294, 0, 7, -0.112152099609375, 
13.2578125, -250, 0, 7, -0.095367431640625, 
13.265625, -252, 0, 7, -0.09613037109375, 
13.2734375, -330, 0, 7, -0.125885009765625, 
13.28125, -392, 0, 7, -0.1495361328125, 
13.2890625, -372, 0, 7, -0.14190673828125, 
13.296875, -363, 0, 7, -0.138473510742188, 
13.3046875, -320, 0, 7, -0.1220703125, 
13.3125, -179, 0, 7, -0.0682830810546875, 
13.3203125, -36, 0, 7, -0.01373291015625, 
13.328125, -108, 0, 7, -0.04119873046875, 
13.3359375, -426, 0, 7, -0.162506103515625, 
13.34375, -665, 0, 7, -0.253677368164063, 
13.3515625, -592, 0, 7, -0.225830078125, 
13.359375, -398, 0, 7, -0.151824951171875, 
13.3671875, -347, 2, 7, -0.132369995117188, 
13.375, -371, 0, 7, -0.141525268554688, 
13.3828125, -320, 0, 7, -0.1220703125, 
13.390625, -269, 0, 7, -0.102615356445313, 
13.3984375, -248, 0, 7, -0.0946044921875, 
13.40625, -257, 0, 7, -0.0980377197265625, 
13.4140625, -253, 0, 7, -0.0965118408203125, 
13.421875, -229, 0, 7, -0.0873565673828125, 
13.4296875, -248, 0, 7, -0.0946044921875, 
13.4375, -268, 0, 7, -0.10223388671875, 
13.4453125, -241, 0, 7, -0.0919342041015625, 
13.453125, -229, 0, 7, -0.0873565673828125, 
13.4609375, -240, 0, 7, -0.091552734375, 
13.46875, -183, 0, 7, -0.0698089599609375, 
13.4765625, -109, 0, 7, -0.0415802001953125, 
13.484375, -120, 0, 7, -0.0457763671875, 
13.4921875, -165, 2, 7, -0.0629425048828125, 
13.5, -185, 0, 7, -0.0705718994140625, 
13.5078125, -176, 0, 7, -0.067138671875, 
13.515625, -159, 0, 7, -0.0606536865234375, 
13.5234375, -162, 0, 7, -0.061798095703125, 
13.53125, -154, 0, 7, -0.058746337890625, 
13.5390625, -104, 0, 7, -0.0396728515625, 
13.546875, -33, 0, 7, -0.0125885009765625, 
13.5546875, 18, 0, 7, 0.006866455078125, 
13.5625, 40, 0, 7, 0.0152587890625, 
13.5703125, 5, 0, 7, 0.0019073486328125, 
13.578125, -48, 0, 7, -0.018310546875, 
13.5859375, -11, 0, 7, -0.0041961669921875, 
13.59375, 77, 0, 7, 0.0293731689453125, 
13.6015625, 137, 0, 7, 0.0522613525390625, 
13.609375, 111, 0, 7, 0.0423431396484375, 
13.6171875, -17, 2, 7, -0.0064849853515625, 
13.625, -165, 0, 7, -0.0629425048828125, 
13.6328125, -251, 0, 7, -0.0957489013671875, 
13.640625, -275, 0, 7, -0.104904174804688, 
13.6484375, -282, 0, 7, -0.107574462890625, 
13.65625, -329, 0, 7, -0.125503540039063, 
13.6640625, -367, 0, 7, -0.139999389648438, 
13.671875, -319, 0, 7, -0.121688842773438, 
13.6796875, -233, 0, 7, -0.0888824462890625, 
13.6875, -249, 0, 7, -0.0949859619140625, 
13.6953125, -366, 0, 7, -0.139617919921875, 
13.703125, -469, 0, 7, -0.178909301757813, 
13.7109375, -462, 0, 7, -0.176239013671875, 
13.71875, -312, 0, 7, -0.1190185546875, 
13.7265625, -157, 0, 7, -0.0598907470703125, 
13.734375, -176, 0, 7, -0.067138671875, 
13.7421875, -286, 2, 7, -0.109100341796875, 
13.75, -316, 0, 7, -0.12054443359375, 
13.7578125, -283, 0, 7, -0.107955932617188, 
13.765625, -224, 0, 7, -0.08544921875, 
13.7734375, -163, 0, 7, -0.0621795654296875, 
13.78125, -145, 0, 7, -0.0553131103515625, 
13.7890625, -176, 0, 7, -0.067138671875, 
13.796875, -262, 0, 7, -0.099945068359375, 
13.8046875, -310, 0, 7, -0.118255615234375, 
13.8125, -216, 0, 7, -0.0823974609375, 
13.8203125, -73, 0, 7, -0.0278472900390625, 
13.828125, -51, 0, 7, -0.0194549560546875, 
13.8359375, -126, 0, 7, -0.048065185546875, 
13.84375, -163, 0, 7, -0.0621795654296875, 
13.8515625, -143, 0, 7, -0.0545501708984375, 
13.859375, -123, 0, 7, -0.0469207763671875, 
13.8671875, -71, 2, 7, -0.0270843505859375, 
13.875, 1, 0, 7, 0.0003814697265625, 
13.8828125, 27, 0, 7, 0.0102996826171875, 
13.890625, 4, 0, 7, 0.00152587890625, 
13.8984375, -50, 0, 7, -0.019073486328125, 
13.90625, -104, 0, 7, -0.0396728515625, 
13.9140625, -154, 0, 7, -0.058746337890625, 
13.921875, -161, 0, 7, -0.0614166259765625, 
13.9296875, -102, 0, 7, -0.038909912109375, 
13.9375, -28, 0, 7, -0.01068115234375, 
13.9453125, -4, 0, 7, -0.00152587890625, 
13.953125, -24, 0, 7, -0.0091552734375, 
13.9609375, -94, 0, 7, -0.035858154296875, 
13.96875, -154, 0, 7, -0.058746337890625, 
13.9765625, -161, 0, 7, -0.0614166259765625, 
13.984375, -113, 0, 7, -0.0431060791015625, 
13.9921875, -16, 2, 7, -0.006103515625, 
14, 39, 0, 7, 0.0148773193359375, 
14.0078125, -27, 0, 7, -0.0102996826171875, 
14.015625, -113, 0, 7, -0.0431060791015625, 
14.0234375, -104, 0, 7, -0.0396728515625, 
14.03125, -61, 0, 7, -0.0232696533203125, 
14.0390625, -56, 0, 7, -0.0213623046875, 
14.046875, -94, 0, 7, -0.035858154296875, 
14.0546875, -131, 0, 7, -0.0499725341796875, 
14.0625, -72, 0, 7, -0.0274658203125, 
14.0703125, 60, 0, 7, 0.02288818359375, 
14.078125, 90, 0, 7, 0.034332275390625, 
14.0859375, -9, 0, 7, -0.0034332275390625, 
14.09375, -88, 0, 7, -0.0335693359375, 
14.1015625, -106, 0, 7, -0.040435791015625, 
14.109375, -113, 0, 7, -0.0431060791015625, 
14.1171875, -131, 2, 7, -0.0499725341796875, 
14.125, -122, 0, 7, -0.046539306640625, 
14.1328125, -54, 0, 7, -0.020599365234375, 
14.140625, 7, 0, 7, 0.0026702880859375, 
14.1484375, -38, 0, 7, -0.014495849609375, 
14.15625, -109, 0, 7, -0.0415802001953125, 
14.1640625, -38, 0, 7, -0.014495849609375, 
14.171875, 128, 0, 7, 0.048828125, 
14.1796875, 182, 0, 7, 0.069427490234375, 
14.1875, 63, 0, 7, 0.0240325927734375, 
14.1953125, -124, 0, 7, -0.04730224609375, 
14.203125, -250, 0, 7, -0.095367431640625, 
14.2109375, -272, 0, 7, -0.103759765625, 
14.21875, -204, 0, 7, -0.07781982421875, 
14.2265625, -97, 0, 7, -0.0370025634765625, 
14.234375, 9, 0, 7, 0.0034332275390625, 
14.2421875, 70, 2, 7, 0.026702880859375, 
14.25, 44, 0, 7, 0.01678466796875, 
14.2578125, 24, 0, 7, 0.0091552734375, 
14.265625, 101, 0, 7, 0.0385284423828125, 
14.2734375, 189, 0, 7, 0.0720977783203125, 
14.28125, 186, 0, 7, 0.070953369140625, 
14.2890625, 88, 0, 7, 0.0335693359375, 
14.296875, -5, 0, 7, -0.0019073486328125, 
14.3046875, -16, 0, 7, -0.006103515625, 
14.3125, 56, 0, 7, 0.0213623046875, 
14.3203125, 154, 0, 7, 0.058746337890625, 
14.328125, 172, 0, 7, 0.06561279296875, 
14.3359375, 99, 0, 7, 0.0377655029296875, 
14.34375, 31, 0, 7, 0.0118255615234375, 
14.3515625, 41, 0, 7, 0.0156402587890625, 
14.359375, 140, 0, 7, 0.05340576171875, 
14.3671875, 237, 2, 7, 0.0904083251953125, 
14.375, 243, 0, 7, 0.0926971435546875, 
14.3828125, 148, 0, 7, 0.05645751953125, 
14.390625, 57, 0, 7, 0.0217437744140625, 
14.3984375, 63, 0, 7, 0.0240325927734375, 
14.40625, 143, 0, 7, 0.0545501708984375, 
14.4140625, 225, 0, 7, 0.0858306884765625, 
14.421875, 272, 0, 7, 0.103759765625, 
14.4296875, 301, 0, 7, 0.114822387695313, 
14.4375, 300, 0, 7, 0.11444091796875, 
14.4453125, 270, 0, 7, 0.102996826171875, 
14.453125, 259, 0, 7, 0.0988006591796875, 
14.4609375, 293, 0, 7, 0.111770629882813, 
14.46875, 309, 0, 7, 0.117874145507813, 
14.4765625, 281, 0, 7, 0.107192993164063, 
14.484375, 186, 0, 7, 0.070953369140625, 
14.4921875, 48, 2, 7, 0.018310546875, 
14.5, -62, 0, 7, -0.023651123046875, 
14.5078125, -107, 0, 7, -0.0408172607421875, 
14.515625, -63, 0, 7, -0.0240325927734375, 
14.5234375, 14, 0, 7, 0.005340576171875, 
14.53125, -23, 0, 7, -0.0087738037109375, 
14.5390625, -138, 0, 7, -0.052642822265625, 
14.546875, -199, 0, 7, -0.0759124755859375, 
14.5546875, -223, 0, 7, -0.0850677490234375, 
14.5625, -272, 0, 7, -0.103759765625, 
14.5703125, -234, 0, 7, -0.089263916015625, 
14.578125, -96, 0, 7, -0.03662109375, 
14.5859375, -24, 0, 7, -0.0091552734375, 
14.59375, -98, 0, 7, -0.037384033203125, 
14.6015625, -232, 0, 7, -0.0885009765625, 
14.609375, -250, 0, 7, -0.095367431640625, 
14.6171875, -114, 2, 7, -0.043487548828125, 
14.625, -4, 0, 7, -0.00152587890625, 
14.6328125, 14, 0, 7, 0.005340576171875, 
14.640625, 18, 0, 7, 0.006866455078125, 
14.6484375, 8, 0, 7, 0.0030517578125, 
14.65625, -45, 0, 7, -0.0171661376953125, 
14.6640625, -81, 0, 7, -0.0308990478515625, 
14.671875, -37, 0, 7, -0.0141143798828125, 
14.6796875, 37, 0, 7, 0.0141143798828125, 
14.6875, 37, 0, 7, 0.0141143798828125, 
14.6953125, -31, 0, 7, -0.0118255615234375, 
14.703125, -58, 0, 7, -0.022125244140625, 
14.7109375, -7, 0, 7, -0.0026702880859375, 
14.71875, 24, 0, 7, 0.0091552734375, 
14.7265625, -3, 0, 7, -0.0011444091796875, 
14.734375, -46, 0, 7, -0.017547607421875, 
14.7421875, -67, 2, 7, -0.0255584716796875, 
14.75, -51, 0, 7, -0.0194549560546875, 
14.7578125, -48, 0, 7, -0.018310546875, 
14.765625, -66, 0, 7, -0.025177001953125, 
14.7734375, -80, 0, 7, -0.030517578125, 
14.78125, -74, 0, 7, -0.028228759765625, 
14.7890625, -31, 0, 7, -0.0118255615234375, 
14.796875, 12, 0, 7, 0.00457763671875, 
14.8046875, 27, 0, 7, 0.0102996826171875, 
14.8125, 8, 0, 7, 0.0030517578125, 
14.8203125, -29, 0, 7, -0.0110626220703125, 
14.828125, -64, 0, 7, -0.0244140625, 
14.8359375, -55, 0, 7, -0.0209808349609375, 
14.84375, 10, 0, 7, 0.003814697265625, 
14.8515625, 59, 0, 7, 0.0225067138671875, 
14.859375, 55, 0, 7, 0.0209808349609375, 
14.8671875, 45, 2, 7, 0.0171661376953125, 
14.875, 54, 0, 7, 0.020599365234375, 
14.8828125, 72, 0, 7, 0.0274658203125, 
14.890625, 36, 0, 7, 0.01373291015625, 
14.8984375, -45, 0, 7, -0.0171661376953125, 
14.90625, -97, 0, 7, -0.0370025634765625, 
14.9140625, -76, 0, 7, -0.02899169921875, 
14.921875, -46, 0, 7, -0.017547607421875, 
14.9296875, -19, 0, 7, -0.0072479248046875, 
14.9375, -10, 0, 7, -0.003814697265625, 
14.9453125, -24, 0, 7, -0.0091552734375, 
14.953125, -27, 0, 7, -0.0102996826171875, 
14.9609375, -52, 0, 7, -0.01983642578125, 
14.96875, -92, 0, 7, -0.03509521484375, 
14.9765625, 31, 0, 7, 0.0118255615234375, 
14.984375, 263, 0, 7, 0.100326538085938, 
14.9921875, 299, 2, 7, 0.114059448242188, 
15, -7, 0, 7, -0.0026702880859375, 
15.0078125, -391, 0, 7, -0.149154663085938, 
15.015625, -489, 0, 7, -0.186538696289063, 
15.0234375, -274, 0, 7, -0.104522705078125, 
15.03125, -63, 0, 7, -0.0240325927734375, 
15.0390625, -55, 0, 7, -0.0209808349609375, 
15.046875, -79, 0, 7, -0.0301361083984375, 
15.0546875, -25, 0, 7, -0.0095367431640625, 
15.0625, 27, 0, 7, 0.0102996826171875, 
15.0703125, 51, 0, 7, 0.0194549560546875, 
15.078125, 43, 0, 7, 0.0164031982421875, 
15.0859375, 31, 0, 7, 0.0118255615234375, 
15.09375, 65, 0, 7, 0.0247955322265625, 
15.1015625, 110, 0, 7, 0.041961669921875, 
15.109375, 116, 0, 7, 0.04425048828125, 
15.1171875, 65, 2, 7, 0.0247955322265625, 
15.125, 28, 0, 7, 0.01068115234375, 
15.1328125, 19, 0, 7, 0.0072479248046875, 
15.140625, 10, 0, 7, 0.003814697265625, 
15.1484375, -17, 0, 7, -0.0064849853515625, 
15.15625, -66, 0, 7, -0.025177001953125, 
15.1640625, -47, 0, 7, -0.0179290771484375, 
15.171875, 45, 0, 7, 0.0171661376953125, 
15.1796875, 108, 0, 7, 0.04119873046875, 
15.1875, 142, 0, 7, 0.054168701171875, 
15.1953125, 176, 0, 7, 0.067138671875, 
15.203125, 176, 0, 7, 0.067138671875, 
15.2109375, 101, 0, 7, 0.0385284423828125, 
15.21875, 17, 0, 7, 0.0064849853515625, 
15.2265625, 9, 0, 7, 0.0034332275390625, 
15.234375, 78, 0, 7, 0.029754638671875, 
15.2421875, 177, 2, 7, 0.0675201416015625, 
15.25, 231, 0, 7, 0.0881195068359375, 
15.2578125, 250, 0, 7, 0.095367431640625, 
15.265625, 299, 0, 7, 0.114059448242188, 
15.2734375, 293, 0, 7, 0.111770629882813, 
15.28125, 168, 0, 7, 0.0640869140625, 
15.2890625, 31, 0, 7, 0.0118255615234375, 
15.296875, -37, 0, 7, -0.0141143798828125, 
15.3046875, -51, 0, 7, -0.0194549560546875, 
15.3125, -77, 0, 7, -0.0293731689453125, 
15.3203125, -189, 0, 7, -0.0720977783203125, 
15.328125, -289, 0, 7, -0.110244750976563, 
15.3359375, -265, 0, 7, -0.101089477539063, 
15.34375, -159, 0, 7, -0.0606536865234375, 
15.3515625, -110, 0, 7, -0.041961669921875, 
15.359375, -160, 0, 7, -0.06103515625, 
15.3671875, -261, 2, 7, -0.0995635986328125, 
15.375, -317, 0, 7, -0.120925903320313, 
15.3828125, -266, 0, 7, -0.101470947265625, 
15.390625, -156, 0, 7, -0.05950927734375, 
15.3984375, -93, 0, 7, -0.0354766845703125, 
15.40625, -106, 0, 7, -0.040435791015625, 
15.4140625, -170, 0, 7, -0.064849853515625, 
15.421875, -218, 0, 7, -0.083160400390625, 
15.4296875, -190, 0, 7, -0.072479248046875, 
15.4375, -142, 0, 7, -0.054168701171875, 
15.4453125, -147, 0, 7, -0.0560760498046875, 
15.453125, -176, 0, 7, -0.067138671875, 
15.4609375, -149, 0, 7, -0.0568389892578125, 
15.46875, -99, 0, 7, -0.0377655029296875, 
15.4765625, -86, 0, 7, -0.032806396484375, 
15.484375, -87, 0, 7, -0.0331878662109375, 
15.4921875, -44, 2, 7, -0.01678466796875, 
15.5, 8, 0, 7, 0.0030517578125, 
15.5078125, -35, 0, 7, -0.0133514404296875, 
15.515625, -167, 0, 7, -0.0637054443359375, 
15.5234375, -211, 0, 7, -0.0804901123046875, 
15.53125, -105, 0, 7, -0.0400543212890625, 
15.5390625, 2, 0, 7, 0.000762939453125, 
15.546875, -8, 0, 7, -0.0030517578125, 
15.5546875, -81, 0, 7, -0.0308990478515625, 
15.5625, -106, 0, 7, -0.040435791015625, 
15.5703125, -100, 0, 7, -0.03814697265625, 
15.578125, -101, 0, 7, -0.0385284423828125, 
15.5859375, -120, 0, 7, -0.0457763671875, 
15.59375, -105, 0, 7, -0.0400543212890625, 
15.6015625, -25, 0, 7, -0.0095367431640625, 
15.609375, 22, 0, 7, 0.008392333984375, 
15.6171875, -27, 2, 7, -0.0102996826171875, 
15.625, -98, 0, 7, -0.037384033203125, 
15.6328125, -137, 0, 7, -0.0522613525390625, 
15.640625, -98, 0, 7, -0.037384033203125, 
15.6484375, 17, 0, 7, 0.0064849853515625, 
15.65625, 105, 0, 7, 0.0400543212890625, 
15.6640625, 70, 0, 7, 0.026702880859375, 
15.671875, -49, 0, 7, -0.0186920166015625, 
15.6796875, -107, 0, 7, -0.0408172607421875, 
15.6875, -88, 0, 7, -0.0335693359375, 
15.6953125, -38, 0, 7, -0.014495849609375, 
15.703125, 9, 0, 7, 0.0034332275390625, 
15.7109375, 21, 0, 7, 0.0080108642578125, 
15.71875, -37, 0, 7, -0.0141143798828125, 
15.7265625, -161, 0, 7, -0.0614166259765625, 
15.734375, -228, 0, 7, -0.08697509765625, 
15.7421875, -165, 2, 7, -0.0629425048828125, 
15.75, -61, 0, 7, -0.0232696533203125, 
15.7578125, -47, 0, 7, -0.0179290771484375, 
15.765625, -70, 0, 7, -0.026702880859375, 
15.7734375, -74, 0, 7, -0.028228759765625, 
15.78125, -108, 0, 7, -0.04119873046875, 
15.7890625, -101, 0, 7, -0.0385284423828125, 
15.796875, 35, 0, 7, 0.0133514404296875, 
15.8046875, 136, 0, 7, 0.0518798828125, 
15.8125, -32, 0, 7, -0.01220703125, 
15.8203125, -352, 0, 7, -0.13427734375, 
15.828125, -445, 0, 7, -0.169754028320313, 
15.8359375, -291, 0, 7, -0.111007690429688, 
15.84375, -154, 0, 7, -0.058746337890625, 
15.8515625, -153, 0, 7, -0.0583648681640625, 
15.859375, -167, 0, 7, -0.0637054443359375, 
15.8671875, -91, 2, 7, -0.0347137451171875, 
15.875, -37, 0, 7, -0.0141143798828125, 
15.8828125, -37, 0, 7, -0.0141143798828125, 
15.890625, -32, 0, 7, -0.01220703125, 
15.8984375, -17, 0, 7, -0.0064849853515625, 
15.90625, -10, 0, 7, -0.003814697265625, 
15.9140625, -27, 0, 7, -0.0102996826171875, 
15.921875, -28, 0, 7, -0.01068115234375, 
15.9296875, -3, 0, 7, -0.0011444091796875, 
15.9375, 2, 0, 7, 0.000762939453125, 
15.9453125, -21, 0, 7, -0.0080108642578125, 
15.953125, -56, 0, 7, -0.0213623046875, 
15.9609375, -62, 0, 7, -0.023651123046875, 
15.96875, -19, 0, 7, -0.0072479248046875, 
15.9765625, 40, 0, 7, 0.0152587890625, 
15.984375, 30, 0, 7, 0.011444091796875, 
15.9921875, -80, 2, 7, -0.030517578125, 
16, -145, 0, 7, -0.0553131103515625, 
16.0078125, -95, 0, 7, -0.0362396240234375, 
16.015625, -22, 0, 7, -0.008392333984375, 
16.0234375, 12, 0, 7, 0.00457763671875, 
16.03125, 26, 0, 7, 0.009918212890625, 
16.0390625, 32, 0, 7, 0.01220703125, 
16.046875, 62, 0, 7, 0.023651123046875, 
16.0546875, 109, 0, 7, 0.0415802001953125, 
16.0625, 138, 0, 7, 0.052642822265625, 
16.0703125, 146, 0, 7, 0.055694580078125, 
16.078125, 131, 0, 7, 0.0499725341796875, 
16.0859375, 103, 0, 7, 0.0392913818359375, 
16.09375, 78, 0, 7, 0.029754638671875, 
16.1015625, 33, 0, 7, 0.0125885009765625, 
16.109375, -81, 0, 7, -0.0308990478515625, 
16.1171875, -195, 2, 7, -0.0743865966796875, 
16.125, -200, 0, 7, -0.0762939453125, 
16.1328125, -153, 0, 7, -0.0583648681640625, 
16.140625, -155, 0, 7, -0.0591278076171875, 
16.1484375, -214, 0, 7, -0.081634521484375, 
16.15625, -302, 0, 7, -0.115203857421875, 
16.1640625, -353, 0, 7, -0.134658813476563, 
16.171875, -314, 0, 7, -0.119781494140625, 
16.1796875, -254, 0, 7, -0.096893310546875, 
16.1875, -256, 0, 7, -0.09765625, 
16.1953125, -291, 0, 7, -0.111007690429688, 
16.203125, -315, 0, 7, -0.120162963867188, 
16.2109375, -304, 0, 7, -0.115966796875, 
16.21875, -269, 0, 7, -0.102615356445313, 
16.2265625, -247, 0, 7, -0.0942230224609375, 
16.234375, -240, 0, 7, -0.091552734375, 
16.2421875, -221, 2, 7, -0.0843048095703125, 
16.25, -219, 0, 7, -0.0835418701171875, 
16.2578125, -221, 0, 7, -0.0843048095703125, 
16.265625, -162, 0, 7, -0.061798095703125, 
16.2734375, -71, 0, 7, -0.0270843505859375, 
16.28125, -75, 0, 7, -0.0286102294921875, 
16.2890625, -198, 0, 7, -0.075531005859375, 
16.296875, -336, 0, 7, -0.128173828125, 
16.3046875, -401, 0, 7, -0.152969360351563, 
16.3125, -318, 0, 7, -0.121307373046875, 
16.3203125, -172, 0, 7, -0.06561279296875, 
16.328125, -77, 0, 7, -0.0293731689453125, 
16.3359375, -47, 0, 7, -0.0179290771484375, 
16.34375, -67, 0, 7, -0.0255584716796875, 
16.3515625, -101, 0, 7, -0.0385284423828125, 
16.359375, -131, 0, 7, -0.0499725341796875, 
16.3671875, -150, 2, 7, -0.057220458984375, 
16.375, -182, 0, 7, -0.069427490234375, 
16.3828125, -214, 0, 7, -0.081634521484375, 
16.390625, -192, 0, 7, -0.0732421875, 
16.3984375, -160, 0, 7, -0.06103515625, 
16.40625, -151, 0, 7, -0.0576019287109375, 
16.4140625, -149, 0, 7, -0.0568389892578125, 
16.421875, -165, 0, 7, -0.0629425048828125, 
16.4296875, -195, 0, 7, -0.0743865966796875, 
16.4375, -226, 0, 7, -0.086212158203125, 
16.4453125, -215, 0, 7, -0.0820159912109375, 
16.453125, -136, 0, 7, -0.0518798828125, 
16.4609375, -85, 0, 7, -0.0324249267578125, 
16.46875, -139, 0, 7, -0.0530242919921875, 
16.4765625, -206, 0, 7, -0.078582763671875, 
16.484375, -173, 0, 7, -0.0659942626953125, 
16.4921875, -134, 2, 7, -0.051116943359375, 
16.5, -180, 0, 7, -0.06866455078125, 
16.5078125, -260, 0, 7, -0.09918212890625, 
16.515625, -248, 0, 7, -0.0946044921875, 
16.5234375, -141, 0, 7, -0.0537872314453125, 
16.53125, -66, 0, 7, -0.025177001953125, 
16.5390625, -79, 0, 7, -0.0301361083984375, 
16.546875, -126, 0, 7, -0.048065185546875, 
16.5546875, -158, 0, 7, -0.060272216796875, 
16.5625, -166, 0, 7, -0.063323974609375, 
16.5703125, -117, 0, 7, -0.0446319580078125, 
16.578125, -33, 0, 7, -0.0125885009765625, 
16.5859375, 5, 0, 7, 0.0019073486328125, 
16.59375, -22, 0, 7, -0.008392333984375, 
16.6015625, -113, 0, 7, -0.0431060791015625, 
16.609375, -201, 0, 7, -0.0766754150390625, 
16.6171875, -202, 2, 7, -0.077056884765625, 
16.625, -186, 0, 7, -0.070953369140625, 
16.6328125, -190, 0, 7, -0.072479248046875, 
16.640625, -197, 0, 7, -0.0751495361328125, 
16.6484375, -203, 0, 7, -0.0774383544921875, 
16.65625, -182, 0, 7, -0.069427490234375, 
16.6640625, -142, 0, 7, -0.054168701171875, 
16.671875, -131, 0, 7, -0.0499725341796875, 
16.6796875, -90, 0, 7, -0.034332275390625, 
16.6875, 13, 0, 7, 0.0049591064453125, 
16.6953125, 92, 0, 7, 0.03509521484375, 
16.703125, 32, 0, 7, 0.01220703125, 
16.7109375, -167, 0, 7, -0.0637054443359375, 
16.71875, -404, 0, 7, -0.15411376953125, 
16.7265625, -488, 0, 7, -0.1861572265625, 
16.734375, -386, 0, 7, -0.147247314453125, 
16.7421875, -249, 2, 7, -0.0949859619140625, 
16.75, -168, 0, 7, -0.0640869140625, 
16.7578125, -127, 0, 7, -0.0484466552734375, 
16.765625, -117, 0, 7, -0.0446319580078125, 
16.7734375, -124, 0, 7, -0.04730224609375, 
16.78125, -115, 0, 7, -0.0438690185546875, 
16.7890625, -49, 0, 7, -0.0186920166015625, 
16.796875, 38, 0, 7, 0.014495849609375, 
16.8046875, 30, 0, 7, 0.011444091796875, 
16.8125, -76, 0, 7, -0.02899169921875, 
16.8203125, -128, 0, 7, -0.048828125, 
16.828125, -34, 0, 7, -0.012969970703125, 
16.8359375, 55, 0, 7, 0.0209808349609375, 
16.84375, 32, 0, 7, 0.01220703125, 
16.8515625, 2, 0, 7, 0.000762939453125, 
16.859375, 59, 0, 7, 0.0225067138671875, 
16.8671875, 137, 2, 7, 0.0522613525390625, 
16.875, 101, 0, 7, 0.0385284423828125, 
16.8828125, 10, 0, 7, 0.003814697265625, 
16.890625, 15, 0, 7, 0.0057220458984375, 
16.8984375, 82, 0, 7, 0.031280517578125, 
16.90625, 114, 0, 7, 0.043487548828125, 
16.9140625, 87, 0, 7, 0.0331878662109375, 
16.921875, 47, 0, 7, 0.0179290771484375, 
16.9296875, 82, 0, 7, 0.031280517578125, 
16.9375, 194, 0, 7, 0.074005126953125, 
16.9453125, 293, 0, 7, 0.111770629882813, 
16.953125, 294, 0, 7, 0.112152099609375, 
16.9609375, 218, 0, 7, 0.083160400390625, 
16.96875, 182, 0, 7, 0.069427490234375, 
16.9765625, 211, 0, 7, 0.0804901123046875, 
16.984375, 249, 0, 7, 0.0949859619140625, 
16.9921875, 226, 2, 7, 0.086212158203125, 
17, 139, 0, 7, 0.0530242919921875, 
17.0078125, 38, 0, 7, 0.014495849609375, 
17.015625, -60, 0, 7, -0.02288818359375, 
17.0234375, -139, 0, 7, -0.0530242919921875, 
17.03125, -163, 0, 7, -0.0621795654296875, 
17.0390625, -177, 0, 7, -0.0675201416015625, 
17.046875, -182, 0, 7, -0.069427490234375, 
17.0546875, -180, 0, 7, -0.06866455078125, 
17.0625, -201, 0, 7, -0.0766754150390625, 
17.0703125, -227, 0, 7, -0.0865936279296875, 
17.078125, -204, 0, 7, -0.07781982421875, 
17.0859375, -127, 0, 7, -0.0484466552734375, 
17.09375, -80, 0, 7, -0.030517578125, 
17.1015625, -125, 0, 7, -0.0476837158203125, 
17.109375, -208, 0, 7, -0.079345703125, 
17.1171875, -255, 2, 7, -0.0972747802734375, 
17.125, -242, 0, 7, -0.092315673828125, 
17.1328125, -193, 0, 7, -0.0736236572265625, 
17.140625, -121, 0, 7, -0.0461578369140625, 
17.1484375, -34, 0, 7, -0.012969970703125, 
17.15625, -31, 0, 7, -0.0118255615234375, 
17.1640625, -99, 0, 7, -0.0377655029296875, 
17.171875, -81, 0, 7, -0.0308990478515625, 
17.1796875, 27, 0, 7, 0.0102996826171875, 
17.1875, 105, 0, 7, 0.0400543212890625, 
17.1953125, 55, 0, 7, 0.0209808349609375, 
17.203125, -71, 0, 7, -0.0270843505859375, 
17.2109375, -110, 0, 7, -0.041961669921875, 
17.21875, -39, 0, 7, -0.0148773193359375, 
17.2265625, 15, 0, 7, 0.0057220458984375, 
17.234375, -9, 0, 7, -0.0034332275390625, 
17.2421875, -58, 2, 7, -0.022125244140625, 
17.25, -98, 0, 7, -0.037384033203125, 
17.2578125, -112, 0, 7, -0.042724609375, 
17.265625, -71, 0, 7, -0.0270843505859375, 
17.2734375, -19, 0, 7, -0.0072479248046875, 
17.28125, -13, 0, 7, -0.0049591064453125, 
17.2890625, -13, 0, 7, -0.0049591064453125, 
17.296875, -13, 0, 7, -0.0049591064453125, 
17.3046875, -39, 0, 7, -0.0148773193359375, 
17.3125, -76, 0, 7, -0.02899169921875, 
17.3203125, -78, 0, 7, -0.029754638671875, 
17.328125, -53, 0, 7, -0.0202178955078125, 
17.3359375, -17, 0, 7, -0.0064849853515625, 
17.34375, -32, 0, 7, -0.01220703125, 
17.3515625, -102, 0, 7, -0.038909912109375, 
17.359375, -115, 0, 7, -0.0438690185546875, 
17.3671875, -43, 2, 7, -0.0164031982421875, 
17.375, 36, 0, 7, 0.01373291015625, 
17.3828125, 53, 0, 7, 0.0202178955078125, 
17.390625, -23, 0, 7, -0.0087738037109375, 
17.3984375, -103, 0, 7, -0.0392913818359375, 
17.40625, -89, 0, 7, -0.0339508056640625, 
17.4140625, 8, 0, 7, 0.0030517578125, 
17.421875, 60, 0, 7, 0.02288818359375, 
17.4296875, 18, 0, 7, 0.006866455078125, 
17.4375, -55, 0, 7, -0.0209808349609375, 
17.4453125, -71, 0, 7, -0.0270843505859375, 
17.453125, -57, 0, 7, -0.0217437744140625, 
17.4609375, -72, 0, 7, -0.0274658203125, 
17.46875, -124, 0, 7, -0.04730224609375, 
17.4765625, -159, 0, 7, -0.0606536865234375, 
17.484375, -150, 0, 7, -0.057220458984375, 
17.4921875, -80, 2, 7, -0.030517578125, 
17.5, 1, 0, 7, 0.0003814697265625, 
17.5078125, -11, 0, 7, -0.0041961669921875, 
17.515625, -18, 0, 7, -0.006866455078125, 
17.5234375, 129, 0, 7, 0.0492095947265625, 
17.53125, 234, 0, 7, 0.089263916015625, 
17.5390625, 93, 0, 7, 0.0354766845703125, 
17.546875, -251, 0, 7, -0.0957489013671875, 
17.5546875, -490, 0, 7, -0.186920166015625, 
17.5625, -386, 0, 7, -0.147247314453125, 
17.5703125, -134, 0, 7, -0.051116943359375, 
17.578125, -18, 0, 7, -0.006866455078125, 
17.5859375, -44, 0, 7, -0.01678466796875, 
17.59375, -52, 0, 7, -0.01983642578125, 
17.6015625, -23, 0, 7, -0.0087738037109375, 
17.609375, -17, 0, 7, -0.0064849853515625, 
17.6171875, 35, 2, 7, 0.0133514404296875, 
17.625, 110, 0, 7, 0.041961669921875, 
17.6328125, 127, 0, 7, 0.0484466552734375, 
17.640625, 79, 0, 7, 0.0301361083984375, 
17.6484375, 29, 0, 7, 0.0110626220703125, 
17.65625, 61, 0, 7, 0.0232696533203125, 
17.6640625, 110, 0, 7, 0.041961669921875, 
17.671875, 117, 0, 7, 0.0446319580078125, 
17.6796875, 83, 0, 7, 0.0316619873046875, 
17.6875, 41, 0, 7, 0.0156402587890625, 
17.6953125, 37, 0, 7, 0.0141143798828125, 
17.703125, 63, 0, 7, 0.0240325927734375, 
17.7109375, 139, 0, 7, 0.0530242919921875, 
17.71875, 238, 0, 7, 0.090789794921875, 
17.7265625, 238, 0, 7, 0.090789794921875, 
17.734375, 136, 0, 7, 0.0518798828125, 
17.7421875, 63, 2, 7, 0.0240325927734375, 
17.75, 134, 0, 7, 0.051116943359375, 
17.7578125, 296, 0, 7, 0.1129150390625, 
17.765625, 343, 0, 7, 0.130844116210938, 
17.7734375, 236, 0, 7, 0.09002685546875, 
17.78125, 177, 0, 7, 0.0675201416015625, 
17.7890625, 259, 0, 7, 0.0988006591796875, 
17.796875, 371, 0, 7, 0.141525268554688, 
17.8046875, 424, 0, 7, 0.1617431640625, 
17.8125, 407, 0, 7, 0.155258178710938, 
17.8203125, 320, 0, 7, 0.1220703125, 
17.828125, 206, 0, 7, 0.078582763671875, 
17.8359375, 78, 0, 7, 0.029754638671875, 
17.84375, -15, 0, 7, -0.0057220458984375, 
17.8515625, -4, 0, 7, -0.00152587890625, 
17.859375, 11, 0, 7, 0.0041961669921875, 
17.8671875, -67, 2, 7, -0.0255584716796875, 
17.875, -158, 0, 7, -0.060272216796875, 
17.8828125, -212, 0, 7, -0.08087158203125, 
17.890625, -237, 0, 7, -0.0904083251953125, 
17.8984375, -190, 0, 7, -0.072479248046875, 
17.90625, -91, 0, 7, -0.0347137451171875, 
17.9140625, -29, 0, 7, -0.0110626220703125, 
17.921875, -53, 0, 7, -0.0202178955078125, 
17.9296875, -156, 0, 7, -0.05950927734375, 
17.9375, -227, 0, 7, -0.0865936279296875, 
17.9453125, -182, 0, 7, -0.069427490234375, 
17.953125, -85, 0, 7, -0.0324249267578125, 
17.9609375, -62, 0, 7, -0.023651123046875, 
17.96875, -81, 0, 7, -0.0308990478515625, 
17.9765625, -75, 0, 7, -0.0286102294921875, 
17.984375, -38, 0, 7, -0.014495849609375, 
17.9921875, -13, 2, 7, -0.0049591064453125, 
18, -53, 0, 7, -0.0202178955078125, 
18.0078125, -85, 0, 7, -0.0324249267578125, 
18.015625, -44, 0, 7, -0.01678466796875, 
18.0234375, 16, 0, 7, 0.006103515625, 
18.03125, 17, 0, 7, 0.0064849853515625, 
18.0390625, -18, 0, 7, -0.006866455078125, 
18.046875, -10, 0, 7, -0.003814697265625, 
18.0546875, 9, 0, 7, 0.0034332275390625, 
18.0625, -3, 0, 7, -0.0011444091796875, 
18.0703125, -56, 0, 7, -0.0213623046875, 
18.078125, -86, 0, 7, -0.032806396484375, 
18.0859375, -53, 0, 7, -0.0202178955078125, 
18.09375, -14, 0, 7, -0.005340576171875, 
18.1015625, 21, 0, 7, 0.0080108642578125, 
18.109375, 17, 0, 7, 0.0064849853515625, 
18.1171875, -52, 2, 7, -0.01983642578125, 
18.125, -79, 0, 7, -0.0301361083984375, 
18.1328125, -5, 0, 7, -0.0019073486328125, 
18.140625, 102, 0, 7, 0.038909912109375, 
18.1484375, 92, 0, 7, 0.03509521484375, 
18.15625, -47, 0, 7, -0.0179290771484375, 
18.1640625, -142, 0, 7, -0.054168701171875, 
18.171875, -105, 0, 7, -0.0400543212890625, 
18.1796875, -31, 0, 7, -0.0118255615234375, 
18.1875, -17, 0, 7, -0.0064849853515625, 
18.1953125, 8, 0, 7, 0.0030517578125, 
18.203125, 88, 0, 7, 0.0335693359375, 
18.2109375, 121, 0, 7, 0.0461578369140625, 
18.21875, 70, 0, 7, 0.026702880859375, 
18.2265625, -1, 0, 7, -0.0003814697265625, 
18.234375, -47, 0, 7, -0.0179290771484375, 
18.2421875, -103, 2, 7, -0.0392913818359375, 
18.25, -169, 0, 7, -0.0644683837890625, 
18.2578125, -154, 0, 7, -0.058746337890625, 
18.265625, -103, 0, 7, -0.0392913818359375, 
18.2734375, -84, 0, 7, -0.03204345703125, 
18.28125, -89, 0, 7, -0.0339508056640625, 
18.2890625, -55, 0, 7, -0.0209808349609375, 
18.296875, 93, 0, 7, 0.0354766845703125, 
18.3046875, 259, 0, 7, 0.0988006591796875, 
18.3125, 240, 0, 7, 0.091552734375, 
18.3203125, -14, 0, 7, -0.005340576171875, 
18.328125, -327, 0, 7, -0.124740600585938, 
18.3359375, -474, 0, 7, -0.180816650390625, 
18.34375, -427, 0, 7, -0.162887573242188, 
18.3515625, -288, 0, 7, -0.10986328125, 
18.359375, -183, 0, 7, -0.0698089599609375, 
18.3671875, -120, 2, 7, -0.0457763671875, 
18.375, -37, 0, 7, -0.0141143798828125, 
18.3828125, 10, 0, 7, 0.003814697265625, 
18.390625, -5, 0, 7, -0.0019073486328125, 
18.3984375, 0, 0, 7, 0, 
18.40625, 4, 0, 7, 0.00152587890625, 
18.4140625, -16, 0, 7, -0.006103515625, 
18.421875, 0, 0, 7, 0, 
18.4296875, 48, 0, 7, 0.018310546875, 
18.4375, 57, 0, 7, 0.0217437744140625, 
18.4453125, 13, 0, 7, 0.0049591064453125, 
18.453125, -37, 0, 7, -0.0141143798828125, 
18.4609375, -49, 0, 7, -0.0186920166015625, 
18.46875, 16, 0, 7, 0.006103515625, 
18.4765625, 75, 0, 7, 0.0286102294921875, 
18.484375, 43, 0, 7, 0.0164031982421875, 
18.4921875, -37, 2, 7, -0.0141143798828125, 
18.5, -72, 0, 7, -0.0274658203125, 
18.5078125, 2, 0, 7, 0.000762939453125, 
18.515625, 138, 0, 7, 0.052642822265625, 
18.5234375, 175, 0, 7, 0.0667572021484375, 
18.53125, 97, 0, 7, 0.0370025634765625, 
18.5390625, 66, 0, 7, 0.025177001953125, 
18.546875, 130, 0, 7, 0.049591064453125, 
18.5546875, 175, 0, 7, 0.0667572021484375, 
18.5625, 178, 0, 7, 0.067901611328125, 
18.5703125, 164, 0, 7, 0.06256103515625, 
18.578125, 186, 0, 7, 0.070953369140625, 
18.5859375, 267, 0, 7, 0.101852416992188, 
18.59375, 288, 0, 7, 0.10986328125, 
18.6015625, 225, 0, 7, 0.0858306884765625, 
18.609375, 171, 0, 7, 0.0652313232421875, 
18.6171875, 120, 2, 7, 0.0457763671875, 
18.625, 18, 0, 7, 0.006866455078125, 
18.6328125, -119, 0, 7, -0.0453948974609375, 
18.640625, -204, 0, 7, -0.07781982421875, 
18.6484375, -192, 0, 7, -0.0732421875, 
18.65625, -179, 0, 7, -0.0682830810546875, 
18.6640625, -234, 0, 7, -0.089263916015625, 
18.671875, -279, 0, 7, -0.106430053710938, 
18.6796875, -238, 0, 7, -0.090789794921875, 
18.6875, -192, 0, 7, -0.0732421875, 
18.6953125, -200, 0, 7, -0.0762939453125, 
18.703125, -230, 0, 7, -0.087738037109375, 
18.7109375, -265, 0, 7, -0.101089477539063, 
18.71875, -260, 0, 7, -0.09918212890625, 
18.7265625, -200, 0, 7, -0.0762939453125, 
18.734375, -116, 0, 7, -0.04425048828125, 
18.7421875, -83, 2, 7, -0.0316619873046875, 
18.75, -107, 0, 7, -0.0408172607421875, 
18.7578125, -112, 0, 7, -0.042724609375, 
18.765625, -61, 0, 7, -0.0232696533203125, 
18.7734375, -38, 0, 7, -0.014495849609375, 
18.78125, -102, 0, 7, -0.038909912109375, 
18.7890625, -149, 0, 7, -0.0568389892578125, 
18.796875, -89, 0, 7, -0.0339508056640625, 
18.8046875, -30, 0, 7, -0.011444091796875, 
18.8125, -69, 0, 7, -0.0263214111328125, 
18.8203125, -124, 0, 7, -0.04730224609375, 
18.828125, -90, 0, 7, -0.034332275390625, 
18.8359375, -24, 0, 7, -0.0091552734375, 
18.84375, -30, 0, 7, -0.011444091796875, 
18.8515625, -100, 0, 7, -0.03814697265625, 
18.859375, -139, 0, 7, -0.0530242919921875, 
18.8671875, -98, 2, 7, -0.037384033203125, 
18.875, -24, 0, 7, -0.0091552734375, 
18.8828125, 30, 0, 7, 0.011444091796875, 
18.890625, 25, 0, 7, 0.0095367431640625, 
18.8984375, -29, 0, 7, -0.0110626220703125, 
18.90625, -100, 0, 7, -0.03814697265625, 
18.9140625, -136, 0, 7, -0.0518798828125, 
18.921875, -111, 0, 7, -0.0423431396484375, 
18.9296875, -36, 0, 7, -0.01373291015625, 
18.9375, 18, 0, 7, 0.006866455078125, 
18.9453125, -15, 0, 7, -0.0057220458984375, 
18.953125, -73, 0, 7, -0.0278472900390625, 
18.9609375, -95, 0, 7, -0.0362396240234375, 
18.96875, -102, 0, 7, -0.038909912109375, 
18.9765625, -98, 0, 7, -0.037384033203125, 
18.984375, -82, 0, 7, -0.031280517578125, 
18.9921875, -29, 2, 7, -0.0110626220703125, 
19, 84, 0, 7, 0.03204345703125, 
19.0078125, 139, 0, 7, 0.0530242919921875, 
19.015625, 42, 0, 7, 0.016021728515625, 
19.0234375, -71, 0, 7, -0.0270843505859375, 
19.03125, -59, 0, 7, -0.0225067138671875, 
19.0390625, 5, 0, 7, 0.0019073486328125, 
19.046875, 49, 0, 7, 0.0186920166015625, 
19.0546875, 1, 0, 7, 0.0003814697265625, 
19.0625, -107, 0, 7, -0.0408172607421875, 
19.0703125, -102, 0, 7, -0.038909912109375, 
19.078125, -31, 0, 7, -0.0118255615234375, 
19.0859375, -60, 0, 7, -0.02288818359375, 
19.09375, -153, 0, 7, -0.0583648681640625, 
19.1015625, -167, 0, 7, -0.0637054443359375, 
19.109375, -102, 0, 7, -0.038909912109375, 
19.1171875, -24, 2, 7, -0.0091552734375, 
19.125, 2, 0, 7, 0.000762939453125, 
19.1328125, -51, 0, 7, -0.0194549560546875, 
19.140625, -58, 0, 7, -0.022125244140625, 
19.1484375, 50, 0, 7, 0.019073486328125, 
19.15625, 131, 0, 7, 0.0499725341796875, 
19.1640625, 71, 0, 7, 0.0270843505859375, 
19.171875, -122, 0, 7, -0.046539306640625, 
19.1796875, -301, 0, 7, -0.114822387695313, 
19.1875, -324, 0, 7, -0.12359619140625, 
19.1953125, -232, 0, 7, -0.0885009765625, 
19.203125, -159, 0, 7, -0.0606536865234375, 
19.2109375, -124, 0, 7, -0.04730224609375, 
19.21875, -29, 0, 7, -0.0110626220703125, 
19.2265625, 53, 0, 7, 0.0202178955078125, 
19.234375, 35, 0, 7, 0.0133514404296875, 
19.2421875, 8, 2, 7, 0.0030517578125, 
19.25, -5, 0, 7, -0.0019073486328125, 
19.2578125, -26, 0, 7, -0.009918212890625, 
19.265625, -38, 0, 7, -0.014495849609375, 
19.2734375, -25, 0, 7, -0.0095367431640625, 
19.28125, 5, 0, 7, 0.0019073486328125, 
19.2890625, -1, 0, 7, -0.0003814697265625, 
19.296875, -29, 0, 7, -0.0110626220703125, 
19.3046875, -12, 0, 7, -0.00457763671875, 
19.3125, 107, 0, 7, 0.0408172607421875, 
19.3203125, 242, 0, 7, 0.092315673828125, 
19.328125, 206, 0, 7, 0.078582763671875, 
19.3359375, 58, 0, 7, 0.022125244140625, 
19.34375, -27, 0, 7, -0.0102996826171875, 
19.3515625, 30, 0, 7, 0.011444091796875, 
19.359375, 154, 0, 7, 0.058746337890625, 
19.3671875, 195, 2, 7, 0.0743865966796875, 
19.375, 151, 0, 7, 0.0576019287109375, 
19.3828125, 87, 0, 7, 0.0331878662109375, 
19.390625, 60, 0, 7, 0.02288818359375, 
19.3984375, 110, 0, 7, 0.041961669921875, 
19.40625, 235, 0, 7, 0.0896453857421875, 
19.4140625, 350, 0, 7, 0.133514404296875, 
19.421875, 347, 0, 7, 0.132369995117188, 
19.4296875, 281, 0, 7, 0.107192993164063, 
19.4375, 254, 0, 7, 0.096893310546875, 
19.4453125, 276, 0, 7, 0.10528564453125, 
19.453125, 292, 0, 7, 0.11138916015625, 
19.4609375, 212, 0, 7, 0.08087158203125, 
19.46875, 60, 0, 7, 0.02288818359375, 
19.4765625, -40, 0, 7, -0.0152587890625, 
19.484375, -53, 0, 7, -0.0202178955078125, 
19.4921875, -40, 2, 7, -0.0152587890625, 
19.5, -77, 0, 7, -0.0293731689453125, 
19.5078125, -179, 0, 7, -0.0682830810546875, 
19.515625, -271, 0, 7, -0.103378295898438, 
19.5234375, -270, 0, 7, -0.102996826171875, 
19.53125, -226, 0, 7, -0.086212158203125, 
19.5390625, -174, 0, 7, -0.066375732421875, 
19.546875, -96, 0, 7, -0.03662109375, 
19.5546875, -69, 0, 7, -0.0263214111328125, 
19.5625, -135, 0, 7, -0.0514984130859375, 
19.5703125, -157, 0, 7, -0.0598907470703125, 
19.578125, -101, 0, 7, -0.0385284423828125, 
19.5859375, -58, 0, 7, -0.022125244140625, 
19.59375, -47, 0, 7, -0.0179290771484375, 
19.6015625, -54, 0, 7, -0.020599365234375, 
19.609375, -84, 0, 7, -0.03204345703125, 
19.6171875, -79, 2, 7, -0.0301361083984375, 
19.625, -59, 0, 7, -0.0225067138671875, 
19.6328125, -52, 0, 7, -0.01983642578125, 
19.640625, -29, 0, 7, -0.0110626220703125, 
19.6484375, 6, 0, 7, 0.002288818359375, 
19.65625, 33, 0, 7, 0.0125885009765625, 
19.6640625, 44, 0, 7, 0.01678466796875, 
19.671875, 24, 0, 7, 0.0091552734375, 
19.6796875, -22, 0, 7, -0.008392333984375, 
19.6875, -6, 0, 7, -0.002288818359375, 
19.6953125, 86, 0, 7, 0.032806396484375, 
19.703125, 102, 0, 7, 0.038909912109375, 
19.7109375, 19, 0, 7, 0.0072479248046875, 
19.71875, -68, 0, 7, -0.02593994140625, 
19.7265625, -83, 0, 7, -0.0316619873046875, 
19.734375, -27, 0, 7, -0.0102996826171875, 
19.7421875, 36, 2, 7, 0.01373291015625, 
19.75, 67, 0, 7, 0.0255584716796875, 
19.7578125, 71, 0, 7, 0.0270843505859375, 
19.765625, 76, 0, 7, 0.02899169921875, 
19.7734375, 66, 0, 7, 0.025177001953125, 
19.78125, 54, 0, 7, 0.020599365234375, 
19.7890625, 71, 0, 7, 0.0270843505859375, 
19.796875, 88, 0, 7, 0.0335693359375, 
19.8046875, 66, 0, 7, 0.025177001953125, 
19.8125, -8, 0, 7, -0.0030517578125, 
19.8203125, -52, 0, 7, -0.01983642578125, 
19.828125, 1, 0, 7, 0.0003814697265625, 
19.8359375, 68, 0, 7, 0.02593994140625, 
19.84375, 69, 0, 7, 0.0263214111328125, 
19.8515625, 31, 0, 7, 0.0118255615234375, 
19.859375, 52, 0, 7, 0.01983642578125, 
19.8671875, 115, 2, 7, 0.0438690185546875, 
19.875, 118, 0, 7, 0.045013427734375, 
19.8828125, 59, 0, 7, 0.0225067138671875, 
19.890625, 28, 0, 7, 0.01068115234375, 
19.8984375, 94, 0, 7, 0.035858154296875, 
19.90625, 177, 0, 7, 0.0675201416015625, 
19.9140625, 168, 0, 7, 0.0640869140625, 
19.921875, 110, 0, 7, 0.041961669921875, 
19.9296875, 69, 0, 7, 0.0263214111328125, 
19.9375, 71, 0, 7, 0.0270843505859375, 
19.9453125, 53, 0, 7, 0.0202178955078125, 
19.953125, 7, 0, 7, 0.0026702880859375, 
19.9609375, 6, 0, 7, 0.002288818359375, 
19.96875, 45, 0, 7, 0.0171661376953125, 
19.9765625, 52, 0, 7, 0.01983642578125, 
19.984375, 22, 0, 7, 0.008392333984375, 
19.9921875, 25, 2, 7, 0.0095367431640625, 
20, 69, 0, 7, 0.0263214111328125, 
20.0078125, 107, 0, 7, 0.0408172607421875, 
20.015625, 153, 0, 7, 0.0583648681640625, 
20.0234375, 226, 0, 7, 0.086212158203125, 
20.03125, 252, 0, 7, 0.09613037109375, 
20.0390625, 99, 0, 7, 0.0377655029296875, 
20.046875, -172, 0, 7, -0.06561279296875, 
20.0546875, -313, 0, 7, -0.119400024414063, 
20.0625, -208, 0, 7, -0.079345703125, 
20.0703125, -44, 0, 7, -0.01678466796875, 
20.078125, 15, 0, 7, 0.0057220458984375, 
20.0859375, 12, 0, 7, 0.00457763671875, 
20.09375, 37, 0, 7, 0.0141143798828125, 
20.1015625, 102, 0, 7, 0.038909912109375, 
20.109375, 121, 0, 7, 0.0461578369140625, 
20.1171875, 81, 2, 7, 0.0308990478515625, 
20.125, 68, 0, 7, 0.02593994140625, 
20.1328125, 101, 0, 7, 0.0385284423828125, 
20.140625, 111, 0, 7, 0.0423431396484375, 
20.1484375, 67, 0, 7, 0.0255584716796875, 
20.15625, 54, 0, 7, 0.020599365234375, 
20.1640625, 129, 0, 7, 0.0492095947265625, 
20.171875, 148, 0, 7, 0.05645751953125, 
20.1796875, 98, 0, 7, 0.037384033203125, 
20.1875, 137, 0, 7, 0.0522613525390625, 
20.1953125, 248, 0, 7, 0.0946044921875, 
20.203125, 267, 0, 7, 0.101852416992188, 
20.2109375, 146, 0, 7, 0.055694580078125, 
20.21875, 15, 0, 7, 0.0057220458984375, 
20.2265625, -1, 0, 7, -0.0003814697265625, 
20.234375, 101, 0, 7, 0.0385284423828125, 
20.2421875, 200, 2, 7, 0.0762939453125, 
20.25, 210, 0, 7, 0.080108642578125, 
20.2578125, 203, 0, 7, 0.0774383544921875, 
20.265625, 213, 0, 7, 0.0812530517578125, 
20.2734375, 268, 0, 7, 0.10223388671875, 
20.28125, 405, 0, 7, 0.154495239257813, 
20.2890625, 473, 0, 7, 0.180435180664063, 
20.296875, 408, 0, 7, 0.1556396484375, 
20.3046875, 303, 0, 7, 0.115585327148438, 
20.3125, 259, 0, 7, 0.0988006591796875, 
20.3203125, 258, 0, 7, 0.098419189453125, 
20.328125, 300, 0, 7, 0.11444091796875, 
20.3359375, 330, 0, 7, 0.125885009765625, 
20.34375, 216, 0, 7, 0.0823974609375, 
20.3515625, 25, 0, 7, 0.0095367431640625, 
20.359375, -111, 0, 7, -0.0423431396484375, 
20.3671875, -154, 2, 7, -0.058746337890625, 
20.375, -115, 0, 7, -0.0438690185546875, 
20.3828125, -70, 0, 7, -0.026702880859375, 
20.390625, -74, 0, 7, -0.028228759765625, 
20.3984375, -135, 0, 7, -0.0514984130859375, 
20.40625, -233, 0, 7, -0.0888824462890625, 
20.4140625, -277, 0, 7, -0.105667114257813, 
20.421875, -200, 0, 7, -0.0762939453125, 
20.4296875, -98, 0, 7, -0.037384033203125, 
20.4375, -91, 0, 7, -0.0347137451171875, 
20.4453125, -103, 0, 7, -0.0392913818359375, 
20.453125, -68, 0, 7, -0.02593994140625, 
20.4609375, -62, 0, 7, -0.023651123046875, 
20.46875, -87, 0, 7, -0.0331878662109375, 
20.4765625, -104, 0, 7, -0.0396728515625, 
20.484375, -60, 0, 7, -0.02288818359375, 
20.4921875, 36, 2, 7, 0.01373291015625, 
20.5, 28, 0, 7, 0.01068115234375, 
20.5078125, -124, 0, 7, -0.04730224609375, 
20.515625, -178, 0, 7, -0.067901611328125, 
20.5234375, -78, 0, 7, -0.029754638671875, 
20.53125, 26, 0, 7, 0.009918212890625, 
20.5390625, 47, 0, 7, 0.0179290771484375, 
20.546875, 3, 0, 7, 0.0011444091796875, 
20.5546875, -8, 0, 7, -0.0030517578125, 
20.5625, 54, 0, 7, 0.020599365234375, 
20.5703125, 45, 0, 7, 0.0171661376953125, 
20.578125, -89, 0, 7, -0.0339508056640625, 
20.5859375, -163, 0, 7, -0.0621795654296875, 
20.59375, -99, 0, 7, -0.0377655029296875, 
20.6015625, -54, 0, 7, -0.020599365234375, 
20.609375, -26, 0, 7, -0.009918212890625, 
20.6171875, 30, 2, 7, 0.011444091796875, 
20.625, 57, 0, 7, 0.0217437744140625, 
20.6328125, 41, 0, 7, 0.0156402587890625, 
20.640625, 1, 0, 7, 0.0003814697265625, 
20.6484375, -72, 0, 7, -0.0274658203125, 
20.65625, -91, 0, 7, -0.0347137451171875, 
20.6640625, -26, 0, 7, -0.009918212890625, 
20.671875, 16, 0, 7, 0.006103515625, 
20.6796875, -4, 0, 7, -0.00152587890625, 
20.6875, -29, 0, 7, -0.0110626220703125, 
20.6953125, -31, 0, 7, -0.0118255615234375, 
20.703125, -9, 0, 7, -0.0034332275390625, 
20.7109375, 15, 0, 7, 0.0057220458984375, 
20.71875, -4, 0, 7, -0.00152587890625, 
20.7265625, -48, 0, 7, -0.018310546875, 
20.734375, -67, 0, 7, -0.0255584716796875, 
20.7421875, -76, 2, 7, -0.02899169921875, 
20.75, -82, 0, 7, -0.031280517578125, 
20.7578125, -75, 0, 7, -0.0286102294921875, 
20.765625, -84, 0, 7, -0.03204345703125, 
20.7734375, -112, 0, 7, -0.042724609375, 
20.78125, -122, 0, 7, -0.046539306640625, 
20.7890625, -127, 0, 7, -0.0484466552734375, 
20.796875, -152, 0, 7, -0.0579833984375, 
20.8046875, -178, 0, 7, -0.067901611328125, 
20.8125, -199, 0, 7, -0.0759124755859375, 
20.8203125, -179, 0, 7, -0.0682830810546875, 
20.828125, -71, 0, 7, -0.0270843505859375, 
20.8359375, 58, 0, 7, 0.022125244140625, 
20.84375, 28, 0, 7, 0.01068115234375, 
20.8515625, -216, 0, 7, -0.0823974609375, 
20.859375, -456, 0, 7, -0.1739501953125, 
20.8671875, -448, 2, 7, -0.1708984375, 
20.875, -260, 0, 7, -0.09918212890625, 
20.8828125, -159, 0, 7, -0.0606536865234375, 
20.890625, -215, 0, 7, -0.0820159912109375, 
20.8984375, -265, 0, 7, -0.101089477539063, 
20.90625, -235, 0, 7, -0.0896453857421875, 
20.9140625, -163, 0, 7, -0.0621795654296875, 
20.921875, -111, 0, 7, -0.0423431396484375, 
20.9296875, -105, 0, 7, -0.0400543212890625, 
20.9375, -114, 0, 7, -0.043487548828125, 
20.9453125, -95, 0, 7, -0.0362396240234375, 
20.953125, -28, 0, 7, -0.01068115234375, 
20.9609375, 34, 0, 7, 0.012969970703125, 
20.96875, -4, 0, 7, -0.00152587890625, 
20.9765625, -105, 0, 7, -0.0400543212890625, 
20.984375, -128, 0, 7, -0.048828125, 
20.9921875, -59, 2, 7, -0.0225067138671875, 
21, 0, 0, 7, 0, 
21.0078125, -10, 0, 7, -0.003814697265625, 
21.015625, -67, 0, 7, -0.0255584716796875, 
21.0234375, -115, 0, 7, -0.0438690185546875, 
21.03125, -100, 0, 7, -0.03814697265625, 
21.0390625, -39, 0, 7, -0.0148773193359375, 
21.046875, -23, 0, 7, -0.0087738037109375, 
21.0546875, -29, 0, 7, -0.0110626220703125, 
21.0625, -2, 0, 7, -0.000762939453125, 
21.0703125, 76, 0, 7, 0.02899169921875, 
21.078125, 156, 0, 7, 0.05950927734375, 
21.0859375, 133, 0, 7, 0.0507354736328125, 
21.09375, 81, 0, 7, 0.0308990478515625, 
21.1015625, 106, 0, 7, 0.040435791015625, 
21.109375, 163, 0, 7, 0.0621795654296875, 
21.1171875, 169, 2, 7, 0.0644683837890625, 
21.125, 105, 0, 7, 0.0400543212890625, 
21.1328125, 62, 0, 7, 0.023651123046875, 
21.140625, 13, 0, 7, 0.0049591064453125, 
21.1484375, -105, 0, 7, -0.0400543212890625, 
21.15625, -235, 0, 7, -0.0896453857421875, 
21.1640625, -319, 0, 7, -0.121688842773438, 
21.171875, -326, 0, 7, -0.124359130859375, 
21.1796875, -313, 0, 7, -0.119400024414063, 
21.1875, -343, 0, 7, -0.130844116210938, 
21.1953125, -394, 0, 7, -0.150299072265625, 
21.203125, -427, 0, 7, -0.162887573242188, 
21.2109375, -401, 0, 7, -0.152969360351563, 
21.21875, -362, 0, 7, -0.138092041015625, 
21.2265625, -377, 0, 7, -0.143814086914063, 
21.234375, -432, 0, 7, -0.164794921875, 
21.2421875, -499, 2, 7, -0.190353393554688, 
21.25, -501, 0, 7, -0.191116333007813, 
21.2578125, -407, 0, 7, -0.155258178710938, 
21.265625, -316, 0, 7, -0.12054443359375, 
21.2734375, -307, 0, 7, -0.117111206054688, 
21.28125, -328, 0, 7, -0.1251220703125, 
21.2890625, -282, 0, 7, -0.107574462890625, 
21.296875, -219, 0, 7, -0.0835418701171875, 
21.3046875, -274, 0, 7, -0.104522705078125, 
21.3125, -389, 0, 7, -0.148391723632813, 
21.3203125, -374, 0, 7, -0.142669677734375, 
21.328125, -219, 0, 7, -0.0835418701171875, 
21.3359375, -119, 0, 7, -0.0453948974609375, 
21.34375, -158, 0, 7, -0.060272216796875, 
21.3515625, -215, 0, 7, -0.0820159912109375, 
21.359375, -205, 0, 7, -0.0782012939453125, 
21.3671875, -198, 2, 7, -0.075531005859375, 
21.375, -263, 0, 7, -0.100326538085938, 
21.3828125, -315, 0, 7, -0.120162963867188, 
21.390625, -272, 0, 7, -0.103759765625, 
21.3984375, -215, 0, 7, -0.0820159912109375, 
21.40625, -228, 0, 7, -0.08697509765625, 
21.4140625, -241, 0, 7, -0.0919342041015625, 
21.421875, -199, 0, 7, -0.0759124755859375, 
21.4296875, -171, 0, 7, -0.0652313232421875, 
21.4375, -178, 0, 7, -0.067901611328125, 
21.4453125, -195, 0, 7, -0.0743865966796875, 
21.453125, -207, 0, 7, -0.0789642333984375, 
21.4609375, -215, 0, 7, -0.0820159912109375, 
21.46875, -243, 0, 7, -0.0926971435546875, 
21.4765625, -236, 0, 7, -0.09002685546875, 
21.484375, -173, 0, 7, -0.0659942626953125, 
21.4921875, -132, 2, 7, -0.05035400390625, 
21.5, -191, 0, 7, -0.0728607177734375, 
21.5078125, -251, 0, 7, -0.0957489013671875, 
21.515625, -202, 0, 7, -0.077056884765625, 
21.5234375, -118, 0, 7, -0.045013427734375, 
21.53125, -91, 0, 7, -0.0347137451171875, 
21.5390625, -118, 0, 7, -0.045013427734375, 
21.546875, -166, 0, 7, -0.063323974609375, 
21.5546875, -204, 0, 7, -0.07781982421875, 
21.5625, -238, 0, 7, -0.090789794921875, 
21.5703125, -198, 0, 7, -0.075531005859375, 
21.578125, -46, 0, 7, -0.017547607421875, 
21.5859375, 98, 0, 7, 0.037384033203125, 
21.59375, 68, 0, 7, 0.02593994140625, 
21.6015625, -159, 0, 7, -0.0606536865234375, 
21.609375, -365, 0, 7, -0.139236450195313, 
21.6171875, -388, 2, 7, -0.14801025390625, 
21.625, -243, 0, 7, -0.0926971435546875, 
21.6328125, -74, 0, 7, -0.028228759765625, 
21.640625, -82, 0, 7, -0.031280517578125, 
21.6484375, -178, 0, 7, -0.067901611328125, 
21.65625, -177, 0, 7, -0.0675201416015625, 
21.6640625, -95, 0, 7, -0.0362396240234375, 
21.671875, -74, 0, 7, -0.028228759765625, 
21.6796875, -109, 0, 7, -0.0415802001953125, 
21.6875, -85, 0, 7, -0.0324249267578125, 
21.6953125, -21, 0, 7, -0.0080108642578125, 
21.703125, -59, 0, 7, -0.0225067138671875, 
21.7109375, -266, 0, 7, -0.101470947265625, 
21.71875, -482, 0, 7, -0.183868408203125, 
21.7265625, -459, 0, 7, -0.175094604492188, 
21.734375, -280, 0, 7, -0.1068115234375, 
21.7421875, -201, 2, 7, -0.0766754150390625, 
21.75, -221, 0, 7, -0.0843048095703125, 
21.7578125, -218, 0, 7, -0.083160400390625, 
21.765625, -124, 0, 7, -0.04730224609375, 
21.7734375, -6, 0, 7, -0.002288818359375, 
21.78125, -11, 0, 7, -0.0041961669921875, 
21.7890625, -119, 0, 7, -0.0453948974609375, 
21.796875, -166, 0, 7, -0.063323974609375, 
21.8046875, -137, 0, 7, -0.0522613525390625, 
21.8125, -90, 0, 7, -0.034332275390625, 
21.8203125, -60, 0, 7, -0.02288818359375, 
21.828125, -68, 0, 7, -0.02593994140625, 
21.8359375, -107, 0, 7, -0.0408172607421875, 
21.84375, -125, 0, 7, -0.0476837158203125, 
21.8515625, -99, 0, 7, -0.0377655029296875, 
21.859375, -45, 0, 7, -0.0171661376953125, 
21.8671875, -25, 2, 7, -0.0095367431640625, 
21.875, -67, 0, 7, -0.0255584716796875, 
21.8828125, -86, 0, 7, -0.032806396484375, 
21.890625, -43, 0, 7, -0.0164031982421875, 
21.8984375, -15, 0, 7, -0.0057220458984375, 
21.90625, -53, 0, 7, -0.0202178955078125, 
21.9140625, -66, 0, 7, -0.025177001953125, 
21.921875, -3, 0, 7, -0.0011444091796875, 
21.9296875, 67, 0, 7, 0.0255584716796875, 
21.9375, 108, 0, 7, 0.04119873046875, 
21.9453125, 132, 0, 7, 0.05035400390625, 
21.953125, 144, 0, 7, 0.054931640625, 
21.9609375, 115, 0, 7, 0.0438690185546875, 
21.96875, 53, 0, 7, 0.0202178955078125, 
21.9765625, 43, 0, 7, 0.0164031982421875, 
21.984375, 89, 0, 7, 0.0339508056640625, 
21.9921875, 121, 2, 7, 0.0461578369140625, 
22, 71, 0, 7, 0.0270843505859375, 
22.0078125, -33, 0, 7, -0.0125885009765625, 
22.015625, -106, 0, 7, -0.040435791015625, 
22.0234375, -155, 0, 7, -0.0591278076171875, 
22.03125, -195, 0, 7, -0.0743865966796875, 
22.0390625, -231, 0, 7, -0.0881195068359375, 
22.046875, -325, 0, 7, -0.123977661132813, 
22.0546875, -456, 0, 7, -0.1739501953125, 
22.0625, -485, 0, 7, -0.185012817382813, 
22.0703125, -373, 0, 7, -0.142288208007813, 
22.078125, -253, 0, 7, -0.0965118408203125, 
22.0859375, -218, 0, 7, -0.083160400390625, 
22.09375, -199, 0, 7, -0.0759124755859375, 
22.1015625, -181, 0, 7, -0.0690460205078125, 
22.109375, -191, 0, 7, -0.0728607177734375, 
22.1171875, -238, 2, 7, -0.090789794921875, 
22.125, -284, 0, 7, -0.10833740234375, 
22.1328125, -255, 0, 7, -0.0972747802734375, 
22.140625, -211, 0, 7, -0.0804901123046875, 
22.1484375, -227, 0, 7, -0.0865936279296875, 
22.15625, -270, 0, 7, -0.102996826171875, 
22.1640625, -273, 0, 7, -0.104141235351563, 
22.171875, -185, 0, 7, -0.0705718994140625, 
22.1796875, -76, 0, 7, -0.02899169921875, 
22.1875, -49, 0, 7, -0.0186920166015625, 
22.1953125, -119, 0, 7, -0.0453948974609375, 
22.203125, -173, 0, 7, -0.0659942626953125, 
22.2109375, -113, 0, 7, -0.0431060791015625, 
22.21875, -44, 0, 7, -0.01678466796875, 
22.2265625, -97, 0, 7, -0.0370025634765625, 
22.234375, -212, 0, 7, -0.08087158203125, 
22.2421875, -202, 2, 7, -0.077056884765625, 
22.25, -81, 0, 7, -0.0308990478515625, 
22.2578125, 4, 0, 7, 0.00152587890625, 
22.265625, -25, 0, 7, -0.0095367431640625, 
22.2734375, -131, 0, 7, -0.0499725341796875, 
22.28125, -225, 0, 7, -0.0858306884765625, 
22.2890625, -246, 0, 7, -0.093841552734375, 
22.296875, -169, 0, 7, -0.0644683837890625, 
22.3046875, -67, 0, 7, -0.0255584716796875, 
22.3125, -38, 0, 7, -0.014495849609375, 
22.3203125, -80, 0, 7, -0.030517578125, 
22.328125, -125, 0, 7, -0.0476837158203125, 
22.3359375, -78, 0, 7, -0.029754638671875, 
22.34375, -2, 0, 7, -0.000762939453125, 
22.3515625, -17, 0, 7, -0.0064849853515625, 
22.359375, -84, 0, 7, -0.03204345703125, 
22.3671875, -116, 2, 7, -0.04425048828125, 
22.375, -104, 0, 7, -0.0396728515625, 
22.3828125, -90, 0, 7, -0.034332275390625, 
22.390625, -41, 0, 7, -0.0156402587890625, 
22.3984375, 20, 0, 7, 0.00762939453125, 
22.40625, 23, 0, 7, 0.0087738037109375, 
22.4140625, -26, 0, 7, -0.009918212890625, 
22.421875, -85, 0, 7, -0.0324249267578125, 
22.4296875, -98, 0, 7, -0.037384033203125, 
22.4375, -36, 0, 7, -0.01373291015625, 
22.4453125, -42, 0, 7, -0.016021728515625, 
22.453125, -70, 0, 7, -0.026702880859375, 
22.4609375, -18, 0, 7, -0.006866455078125, 
22.46875, -4, 0, 7, -0.00152587890625, 
22.4765625, -66, 0, 7, -0.025177001953125, 
22.484375, -82, 0, 7, -0.031280517578125, 
22.4921875, 28, 2, 7, 0.01068115234375, 
22.5, 130, 0, 7, 0.049591064453125, 
22.5078125, 101, 0, 7, 0.0385284423828125, 
22.515625, 13, 0, 7, 0.0049591064453125, 
22.5234375, -24, 0, 7, -0.0091552734375, 
22.53125, 12, 0, 7, 0.00457763671875, 
22.5390625, -22, 0, 7, -0.008392333984375, 
22.546875, -150, 0, 7, -0.057220458984375, 
22.5546875, -196, 0, 7, -0.07476806640625, 
22.5625, -131, 0, 7, -0.0499725341796875, 
22.5703125, -48, 0, 7, -0.018310546875, 
22.578125, -23, 0, 7, -0.0087738037109375, 
22.5859375, -37, 0, 7, -0.0141143798828125, 
22.59375, -17, 0, 7, -0.0064849853515625, 
22.6015625, 104, 0, 7, 0.0396728515625, 
22.609375, 281, 0, 7, 0.107192993164063, 
22.6171875, 294, 2, 7, 0.112152099609375, 
22.625, 8, 0, 7, 0.0030517578125, 
22.6328125, -343, 0, 7, -0.130844116210938, 
22.640625, -465, 0, 7, -0.177383422851563, 
22.6484375, -303, 0, 7, -0.115585327148438, 
22.65625, -92, 0, 7, -0.03509521484375, 
22.6640625, -80, 0, 7, -0.030517578125, 
22.671875, -174, 0, 7, -0.066375732421875, 
22.6796875, -123, 0, 7, -0.0469207763671875, 
22.6875, 11, 0, 7, 0.0041961669921875, 
22.6953125, 61, 0, 7, 0.0232696533203125, 
22.703125, 0, 0, 7, 0, 
22.7109375, -62, 0, 7, -0.023651123046875, 
22.71875, -46, 0, 7, -0.017547607421875, 
22.7265625, -5, 0, 7, -0.0019073486328125, 
22.734375, -7, 0, 7, -0.0026702880859375, 
22.7421875, -10, 2, 7, -0.003814697265625, 
22.75, 26, 0, 7, 0.009918212890625, 
22.7578125, 25, 0, 7, 0.0095367431640625, 
22.765625, 4, 0, 7, 0.00152587890625, 
22.7734375, 55, 0, 7, 0.0209808349609375, 
22.78125, 127, 0, 7, 0.0484466552734375, 
22.7890625, 79, 0, 7, 0.0301361083984375, 
22.796875, -51, 0, 7, -0.0194549560546875, 
22.8046875, -106, 0, 7, -0.040435791015625, 
22.8125, -58, 0, 7, -0.022125244140625, 
22.8203125, 11, 0, 7, 0.0041961669921875, 
22.828125, 44, 0, 7, 0.01678466796875, 
22.8359375, 92, 0, 7, 0.03509521484375, 
22.84375, 125, 0, 7, 0.0476837158203125, 
22.8515625, 64, 0, 7, 0.0244140625, 
22.859375, -33, 0, 7, -0.0125885009765625, 
22.8671875, -31, 2, 7, -0.0118255615234375, 
22.875, 126, 0, 7, 0.048065185546875, 
22.8828125, 214, 0, 7, 0.081634521484375, 
22.890625, 143, 0, 7, 0.0545501708984375, 
22.8984375, 108, 0, 7, 0.04119873046875, 
22.90625, 163, 0, 7, 0.0621795654296875, 
22.9140625, 217, 0, 7, 0.0827789306640625, 
22.921875, 132, 0, 7, 0.05035400390625, 
22.9296875, -90, 0, 7, -0.034332275390625, 
22.9375, -275, 0, 7, -0.104904174804688, 
22.9453125, -318, 0, 7, -0.121307373046875, 
22.953125, -265, 0, 7, -0.101089477539063, 
22.9609375, -304, 0, 7, -0.115966796875, 
22.96875, -385, 0, 7, -0.146865844726563, 
22.9765625, -339, 0, 7, -0.129318237304688, 
22.984375, -243, 0, 7, -0.0926971435546875, 
22.9921875, -249, 2, 7, -0.0949859619140625, 
23, -400, 0, 7, -0.152587890625, 
23.0078125, -495, 0, 7, -0.188827514648438, 
23.015625, -341, 0, 7, -0.130081176757813, 
23.0234375, -145, 0, 7, -0.0553131103515625, 
23.03125, -176, 0, 7, -0.067138671875, 
23.0390625, -315, 0, 7, -0.120162963867188, 
23.046875, -263, 0, 7, -0.100326538085938, 
23.0546875, -94, 0, 7, -0.035858154296875, 
23.0625, -96, 0, 7, -0.03662109375, 
23.0703125, -173, 0, 7, -0.0659942626953125, 
23.078125, -143, 0, 7, -0.0545501708984375, 
23.0859375, -99, 0, 7, -0.0377655029296875, 
23.09375, -140, 0, 7, -0.05340576171875, 
23.1015625, -251, 0, 7, -0.0957489013671875, 
23.109375, -257, 0, 7, -0.0980377197265625, 
23.1171875, -105, 2, 7, -0.0400543212890625, 
23.125, -21, 0, 7, -0.0080108642578125, 
23.1328125, -69, 0, 7, -0.0263214111328125, 
23.140625, -95, 0, 7, -0.0362396240234375, 
23.1484375, -61, 0, 7, -0.0232696533203125, 
23.15625, -81, 0, 7, -0.0308990478515625, 
23.1640625, -192, 0, 7, -0.0732421875, 
23.171875, -309, 0, 7, -0.117874145507813, 
23.1796875, -328, 0, 7, -0.1251220703125, 
23.1875, -241, 0, 7, -0.0919342041015625, 
23.1953125, -164, 0, 7, -0.06256103515625, 
23.203125, -169, 0, 7, -0.0644683837890625, 
23.2109375, -236, 0, 7, -0.09002685546875, 
23.21875, -331, 0, 7, -0.126266479492188, 
23.2265625, -455, 0, 7, -0.173568725585938, 
23.234375, -531, 0, 7, -0.202560424804688, 
23.2421875, -461, 2, 7, -0.175857543945313, 
23.25, -339, 0, 7, -0.129318237304688, 
23.2578125, -319, 0, 7, -0.121688842773438, 
23.265625, -350, 0, 7, -0.133514404296875, 
23.2734375, -286, 0, 7, -0.109100341796875, 
23.28125, -111, 0, 7, -0.0423431396484375, 
23.2890625, -46, 0, 7, -0.017547607421875, 
23.296875, -171, 0, 7, -0.0652313232421875, 
23.3046875, -328, 0, 7, -0.1251220703125, 
23.3125, -309, 0, 7, -0.117874145507813, 
23.3203125, -168, 0, 7, -0.0640869140625, 
23.328125, -211, 0, 7, -0.0804901123046875, 
23.3359375, -422, 0, 7, -0.160980224609375, 
23.34375, -536, 0, 7, -0.2044677734375, 
23.3515625, -463, 0, 7, -0.176620483398438, 
23.359375, -306, 0, 7, -0.116729736328125, 
23.3671875, -205, 2, 7, -0.0782012939453125, 
23.375, -173, 0, 7, -0.0659942626953125, 
23.3828125, -160, 0, 7, -0.06103515625, 
23.390625, -185, 0, 7, -0.0705718994140625, 
23.3984375, -243, 0, 7, -0.0926971435546875, 
23.40625, -283, 0, 7, -0.107955932617188, 
23.4140625, -273, 0, 7, -0.104141235351563, 
23.421875, -305, 0, 7, -0.116348266601563, 
23.4296875, -407, 0, 7, -0.155258178710938, 
23.4375, -435, 0, 7, -0.165939331054688, 
23.4453125, -381, 0, 7, -0.145339965820313, 
23.453125, -404, 0, 7, -0.15411376953125, 
23.4609375, -471, 0, 7, -0.179672241210938, 
23.46875, -481, 0, 7, -0.183486938476563, 
23.4765625, -392, 0, 7, -0.1495361328125, 
23.484375, -234, 0, 7, -0.089263916015625, 
23.4921875, -171, 2, 7, -0.0652313232421875, 
23.5, -237, 0, 7, -0.0904083251953125, 
23.5078125, -187, 0, 7, -0.0713348388671875, 
23.515625, 85, 0, 7, 0.0324249267578125, 
23.5234375, 240, 0, 7, 0.091552734375, 
23.53125, 29, 0, 7, 0.0110626220703125, 
23.5390625, -382, 0, 7, -0.145721435546875, 
23.546875, -617, 0, 7, -0.235366821289063, 
23.5546875, -443, 0, 7, -0.168991088867188, 
23.5625, -142, 0, 7, -0.054168701171875, 
23.5703125, -103, 0, 7, -0.0392913818359375, 
23.578125, -142, 0, 7, -0.054168701171875, 
23.5859375, -61, 0, 7, -0.0232696533203125, 
23.59375, 3, 0, 7, 0.0011444091796875, 
23.6015625, -70, 0, 7, -0.026702880859375, 
23.609375, -167, 0, 7, -0.0637054443359375, 
23.6171875, -107, 2, 7, -0.0408172607421875, 
23.625, 61, 0, 7, 0.0232696533203125, 
23.6328125, 138, 0, 7, 0.052642822265625, 
23.640625, 26, 0, 7, 0.009918212890625, 
23.6484375, -34, 0, 7, -0.012969970703125, 
23.65625, 94, 0, 7, 0.035858154296875, 
23.6640625, 173, 0, 7, 0.0659942626953125, 
23.671875, 108, 0, 7, 0.04119873046875, 
23.6796875, 41, 0, 7, 0.0156402587890625, 
23.6875, 70, 0, 7, 0.026702880859375, 
23.6953125, 165, 0, 7, 0.0629425048828125, 
23.703125, 184, 0, 7, 0.0701904296875, 
23.7109375, 116, 0, 7, 0.04425048828125, 
23.71875, 41, 0, 7, 0.0156402587890625, 
23.7265625, 81, 0, 7, 0.0308990478515625, 
23.734375, 252, 0, 7, 0.09613037109375, 
23.7421875, 427, 2, 7, 0.162887573242188, 
23.75, 502, 0, 7, 0.191497802734375, 
23.7578125, 405, 0, 7, 0.154495239257813, 
23.765625, 268, 0, 7, 0.10223388671875, 
23.7734375, 257, 0, 7, 0.0980377197265625, 
23.78125, 315, 0, 7, 0.120162963867188, 
23.7890625, 326, 0, 7, 0.124359130859375, 
23.796875, 323, 0, 7, 0.123214721679688, 
23.8046875, 420, 0, 7, 0.16021728515625, 
23.8125, 601, 0, 7, 0.229263305664063, 
23.8203125, 684, 0, 7, 0.26092529296875, 
23.828125, 559, 0, 7, 0.213241577148438, 
23.8359375, 336, 0, 7, 0.128173828125, 
23.84375, 194, 0, 7, 0.074005126953125, 
23.8515625, 102, 0, 7, 0.038909912109375, 
23.859375, 2, 0, 7, 0.000762939453125, 
23.8671875, -90, 2, 7, -0.034332275390625, 
23.875, -113, 0, 7, -0.0431060791015625, 
23.8828125, -24, 0, 7, -0.0091552734375, 
23.890625, 146, 0, 7, 0.055694580078125, 
23.8984375, 255, 0, 7, 0.0972747802734375, 
23.90625, 215, 0, 7, 0.0820159912109375, 
23.9140625, 133, 0, 7, 0.0507354736328125, 
23.921875, 106, 0, 7, 0.040435791015625, 
23.9296875, 109, 0, 7, 0.0415802001953125, 
23.9375, 44, 0, 7, 0.01678466796875, 
23.9453125, -68, 0, 7, -0.02593994140625, 
23.953125, -64, 0, 7, -0.0244140625, 
23.9609375, 77, 0, 7, 0.0293731689453125, 
23.96875, 214, 0, 7, 0.081634521484375, 
23.9765625, 251, 0, 7, 0.0957489013671875, 
23.984375, 208, 0, 7, 0.079345703125, 
23.9921875, 220, 2, 7, 0.08392333984375, 
24, 302, 0, 7, 0.115203857421875, 
24.0078125, 370, 0, 7, 0.141143798828125, 
24.015625, 343, 0, 7, 0.130844116210938, 
24.0234375, 257, 0, 7, 0.0980377197265625, 
24.03125, 214, 0, 7, 0.081634521484375, 
24.0390625, 208, 0, 7, 0.079345703125, 
24.046875, 189, 0, 7, 0.0720977783203125, 
24.0546875, 151, 0, 7, 0.0576019287109375, 
24.0625, 132, 0, 7, 0.05035400390625, 
24.0703125, 188, 0, 7, 0.07171630859375, 
24.078125, 232, 0, 7, 0.0885009765625, 
24.0859375, 230, 0, 7, 0.087738037109375, 
24.09375, 253, 0, 7, 0.0965118408203125, 
24.1015625, 298, 0, 7, 0.113677978515625, 
24.109375, 343, 0, 7, 0.130844116210938, 
24.1171875, 306, 2, 7, 0.116729736328125, 
24.125, 170, 0, 7, 0.064849853515625, 
24.1328125, 87, 0, 7, 0.0331878662109375, 
24.140625, 175, 0, 7, 0.0667572021484375, 
24.1484375, 334, 0, 7, 0.127410888671875, 
24.15625, 330, 0, 7, 0.125885009765625, 
24.1640625, 188, 0, 7, 0.07171630859375, 
24.171875, 76, 0, 7, 0.02899169921875, 
24.1796875, 115, 0, 7, 0.0438690185546875, 
24.1875, 232, 0, 7, 0.0885009765625, 
24.1953125, 220, 0, 7, 0.08392333984375, 
24.203125, 157, 0, 7, 0.0598907470703125, 
24.2109375, 207, 0, 7, 0.0789642333984375, 
24.21875, 287, 0, 7, 0.109481811523438, 
24.2265625, 316, 0, 7, 0.12054443359375, 
24.234375, 274, 0, 7, 0.104522705078125, 
24.2421875, 183, 2, 7, 0.0698089599609375, 
24.25, 161, 0, 7, 0.0614166259765625, 
24.2578125, 253, 0, 7, 0.0965118408203125, 
24.265625, 295, 0, 7, 0.112533569335938, 
24.2734375, 212, 0, 7, 0.08087158203125, 
24.28125, 125, 0, 7, 0.0476837158203125, 
24.2890625, 81, 0, 7, 0.0308990478515625, 
24.296875, 57, 0, 7, 0.0217437744140625, 
24.3046875, 39, 0, 7, 0.0148773193359375, 
24.3125, 25, 0, 7, 0.0095367431640625, 
24.3203125, 73, 0, 7, 0.0278472900390625, 
24.328125, 123, 0, 7, 0.0469207763671875, 
24.3359375, 76, 0, 7, 0.02899169921875, 
24.34375, 43, 0, 7, 0.0164031982421875, 
24.3515625, 197, 0, 7, 0.0751495361328125, 
24.359375, 419, 0, 7, 0.159835815429688, 
24.3671875, 369, 2, 7, 0.140762329101563, 
24.375, 41, 0, 7, 0.0156402587890625, 
24.3828125, -223, 0, 7, -0.0850677490234375, 
24.390625, -250, 0, 7, -0.095367431640625, 
24.3984375, -174, 0, 7, -0.066375732421875, 
24.40625, -154, 0, 7, -0.058746337890625, 
24.4140625, -125, 0, 7, -0.0476837158203125, 
24.421875, -4, 0, 7, -0.00152587890625, 
24.4296875, 115, 0, 7, 0.0438690185546875, 
24.4375, 109, 0, 7, 0.0415802001953125, 
24.4453125, 54, 0, 7, 0.020599365234375, 
24.453125, 87, 0, 7, 0.0331878662109375, 
24.4609375, 174, 0, 7, 0.066375732421875, 
24.46875, 204, 0, 7, 0.07781982421875, 
24.4765625, 226, 0, 7, 0.086212158203125, 
24.484375, 246, 0, 7, 0.093841552734375, 
24.4921875, 219, 2, 7, 0.0835418701171875, 
24.5, 163, 0, 7, 0.0621795654296875, 
24.5078125, 130, 0, 7, 0.049591064453125, 
24.515625, 174, 0, 7, 0.066375732421875, 
24.5234375, 222, 0, 7, 0.084686279296875, 
24.53125, 214, 0, 7, 0.081634521484375, 
24.5390625, 199, 0, 7, 0.0759124755859375, 
24.546875, 224, 0, 7, 0.08544921875, 
24.5546875, 262, 0, 7, 0.099945068359375, 
24.5625, 278, 0, 7, 0.106048583984375, 
24.5703125, 296, 0, 7, 0.1129150390625, 
24.578125, 318, 0, 7, 0.121307373046875, 
24.5859375, 334, 0, 7, 0.127410888671875, 
24.59375, 361, 0, 7, 0.137710571289063, 
24.6015625, 393, 0, 7, 0.149917602539063, 
24.609375, 413, 0, 7, 0.157546997070313, 
24.6171875, 397, 2, 7, 0.151443481445313, 
24.625, 367, 0, 7, 0.139999389648438, 
24.6328125, 397, 0, 7, 0.151443481445313, 
24.640625, 492, 0, 7, 0.18768310546875, 
24.6484375, 548, 0, 7, 0.20904541015625, 
24.65625, 502, 0, 7, 0.191497802734375, 
24.6640625, 379, 0, 7, 0.144577026367188, 
24.671875, 214, 0, 7, 0.081634521484375, 
24.6796875, 97, 0, 7, 0.0370025634765625, 
24.6875, 89, 0, 7, 0.0339508056640625, 
24.6953125, 91, 0, 7, 0.0347137451171875, 
24.703125, -11, 0, 7, -0.0041961669921875, 
24.7109375, -160, 0, 7, -0.06103515625, 
24.71875, -198, 0, 7, -0.075531005859375, 
24.7265625, -113, 0, 7, -0.0431060791015625, 
24.734375, -69, 0, 7, -0.0263214111328125, 
24.7421875, -145, 2, 7, -0.0553131103515625, 
24.75, -254, 0, 7, -0.096893310546875, 
24.7578125, -258, 0, 7, -0.098419189453125, 
24.765625, -168, 0, 7, -0.0640869140625, 
24.7734375, -118, 0, 7, -0.045013427734375, 
24.78125, -104, 0, 7, -0.0396728515625, 
24.7890625, -110, 0, 7, -0.041961669921875, 
24.796875, -153, 0, 7, -0.0583648681640625, 
24.8046875, -183, 0, 7, -0.0698089599609375, 
24.8125, -169, 0, 7, -0.0644683837890625, 
24.8203125, -104, 0, 7, -0.0396728515625, 
24.828125, -14, 0, 7, -0.005340576171875, 
24.8359375, 26, 0, 7, 0.009918212890625, 
24.84375, 25, 0, 7, 0.0095367431640625, 
24.8515625, -1, 0, 7, -0.0003814697265625, 
24.859375, -62, 0, 7, -0.023651123046875, 
24.8671875, -153, 2, 7, -0.0583648681640625, 
24.875, -221, 0, 7, -0.0843048095703125, 
24.8828125, -221, 0, 7, -0.0843048095703125, 
24.890625, -198, 0, 7, -0.075531005859375, 
24.8984375, -182, 0, 7, -0.069427490234375, 
24.90625, -177, 0, 7, -0.0675201416015625, 
24.9140625, -182, 0, 7, -0.069427490234375, 
24.921875, -169, 0, 7, -0.0644683837890625, 
24.9296875, -152, 0, 7, -0.0579833984375, 
24.9375, -124, 0, 7, -0.04730224609375, 
24.9453125, -80, 0, 7, -0.030517578125, 
24.953125, -110, 0, 7, -0.041961669921875, 
24.9609375, -211, 0, 7, -0.0804901123046875, 
24.96875, -278, 0, 7, -0.106048583984375, 
24.9765625, -281, 0, 7, -0.107192993164063, 
24.984375, -255, 0, 7, -0.0972747802734375, 
24.9921875, -245, 2, 7, -0.0934600830078125, 
25, -232, 0, 7, -0.0885009765625, 
25.0078125, -166, 0, 7, -0.063323974609375, 
25.015625, -107, 0, 7, -0.0408172607421875, 
25.0234375, -130, 0, 7, -0.049591064453125, 
25.03125, -195, 0, 7, -0.0743865966796875, 
25.0390625, -195, 0, 7, -0.0743865966796875, 
25.046875, -141, 0, 7, -0.0537872314453125, 
25.0546875, -137, 0, 7, -0.0522613525390625, 
25.0625, -193, 0, 7, -0.0736236572265625, 
25.0703125, -247, 0, 7, -0.0942230224609375, 
25.078125, -272, 0, 7, -0.103759765625, 
25.0859375, -207, 0, 7, -0.0789642333984375, 
25.09375, -113, 0, 7, -0.0431060791015625, 
25.1015625, -99, 0, 7, -0.0377655029296875, 
25.109375, -109, 0, 7, -0.0415802001953125, 
25.1171875, -156, 2, 7, -0.05950927734375, 
25.125, -236, 0, 7, -0.09002685546875, 
25.1328125, -223, 0, 7, -0.0850677490234375, 
25.140625, -144, 0, 7, -0.054931640625, 
25.1484375, -96, 0, 7, -0.03662109375, 
25.15625, -143, 0, 7, -0.0545501708984375, 
25.1640625, -284, 0, 7, -0.10833740234375, 
25.171875, -363, 0, 7, -0.138473510742188, 
25.1796875, -233, 0, 7, -0.0888824462890625, 
25.1875, -20, 0, 7, -0.00762939453125, 
25.1953125, 49, 0, 7, 0.0186920166015625, 
25.203125, -17, 0, 7, -0.0064849853515625, 
25.2109375, -131, 0, 7, -0.0499725341796875, 
25.21875, -272, 0, 7, -0.103759765625, 
25.2265625, -309, 0, 7, -0.117874145507813, 
25.234375, -263, 0, 7, -0.100326538085938, 
25.2421875, -268, 2, 7, -0.10223388671875, 
25.25, -314, 0, 7, -0.119781494140625, 
25.2578125, -389, 0, 7, -0.148391723632813, 
25.265625, -383, 0, 7, -0.146102905273438, 
25.2734375, -254, 0, 7, -0.096893310546875, 
25.28125, -200, 0, 7, -0.0762939453125, 
25.2890625, -207, 0, 7, -0.0789642333984375, 
25.296875, -78, 0, 7, -0.029754638671875, 
25.3046875, 92, 0, 7, 0.03509521484375, 
25.3125, 18, 0, 7, 0.006866455078125, 
25.3203125, -320, 0, 7, -0.1220703125, 
25.328125, -634, 0, 7, -0.241851806640625, 
25.3359375, -690, 0, 7, -0.263214111328125, 
25.34375, -499, 0, 7, -0.190353393554688, 
25.3515625, -276, 0, 7, -0.10528564453125, 
25.359375, -192, 0, 7, -0.0732421875, 
25.3671875, -196, 2, 7, -0.07476806640625, 
25.375, -199, 0, 7, -0.0759124755859375, 
25.3828125, -174, 0, 7, -0.066375732421875, 
25.390625, -128, 0, 7, -0.048828125, 
25.3984375, -114, 0, 7, -0.043487548828125, 
25.40625, -151, 0, 7, -0.0576019287109375, 
25.4140625, -180, 0, 7, -0.06866455078125, 
25.421875, -147, 0, 7, -0.0560760498046875, 
25.4296875, -88, 0, 7, -0.0335693359375, 
25.4375, -45, 0, 7, -0.0171661376953125, 
25.4453125, -8, 0, 7, -0.0030517578125, 
25.453125, 2, 0, 7, 0.000762939453125, 
25.4609375, -54, 0, 7, -0.020599365234375, 
25.46875, -92, 0, 7, -0.03509521484375, 
25.4765625, -48, 0, 7, -0.018310546875, 
25.484375, -4, 0, 7, -0.00152587890625, 
25.4921875, 29, 2, 7, 0.0110626220703125, 
25.5, 77, 0, 7, 0.0293731689453125, 
25.5078125, 76, 0, 7, 0.02899169921875, 
25.515625, 45, 0, 7, 0.0171661376953125, 
25.5234375, 35, 0, 7, 0.0133514404296875, 
25.53125, 57, 0, 7, 0.0217437744140625, 
25.5390625, 114, 0, 7, 0.043487548828125, 
25.546875, 173, 0, 7, 0.0659942626953125, 
25.5546875, 217, 0, 7, 0.0827789306640625, 
25.5625, 270, 0, 7, 0.102996826171875, 
25.5703125, 286, 0, 7, 0.109100341796875, 
25.578125, 228, 0, 7, 0.08697509765625, 
25.5859375, 126, 0, 7, 0.048065185546875, 
25.59375, 60, 0, 7, 0.02288818359375, 
25.6015625, 51, 0, 7, 0.0194549560546875, 
25.609375, 48, 0, 7, 0.018310546875, 
25.6171875, 62, 2, 7, 0.023651123046875, 
25.625, 59, 0, 7, 0.0225067138671875, 
25.6328125, -45, 0, 7, -0.0171661376953125, 
25.640625, -181, 0, 7, -0.0690460205078125, 
25.6484375, -248, 0, 7, -0.0946044921875, 
25.65625, -224, 0, 7, -0.08544921875, 
25.6640625, -212, 0, 7, -0.08087158203125, 
25.671875, -277, 0, 7, -0.105667114257813, 
25.6796875, -335, 0, 7, -0.127792358398438, 
25.6875, -330, 0, 7, -0.125885009765625, 
25.6953125, -290, 0, 7, -0.110626220703125, 
25.703125, -260, 0, 7, -0.09918212890625, 
25.7109375, -253, 0, 7, -0.0965118408203125, 
25.71875, -247, 0, 7, -0.0942230224609375, 
25.7265625, -249, 0, 7, -0.0949859619140625, 
25.734375, -222, 0, 7, -0.084686279296875, 
25.7421875, -171, 2, 7, -0.0652313232421875, 
25.75, -172, 0, 7, -0.06561279296875, 
25.7578125, -196, 0, 7, -0.07476806640625, 
25.765625, -203, 0, 7, -0.0774383544921875, 
25.7734375, -169, 0, 7, -0.0644683837890625, 
25.78125, -132, 0, 7, -0.05035400390625, 
25.7890625, -185, 0, 7, -0.0705718994140625, 
25.796875, -280, 0, 7, -0.1068115234375, 
25.8046875, -324, 0, 7, -0.12359619140625, 
25.8125, -318, 0, 7, -0.121307373046875, 
25.8203125, -239, 0, 7, -0.0911712646484375, 
25.828125, -122, 0, 7, -0.046539306640625, 
25.8359375, -110, 0, 7, -0.041961669921875, 
25.84375, -225, 0, 7, -0.0858306884765625, 
25.8515625, -296, 0, 7, -0.1129150390625, 
25.859375, -280, 0, 7, -0.1068115234375, 
25.8671875, -229, 2, 7, -0.0873565673828125, 
25.875, -192, 0, 7, -0.0732421875, 
25.8828125, -215, 0, 7, -0.0820159912109375, 
25.890625, -219, 0, 7, -0.0835418701171875, 
25.8984375, -142, 0, 7, -0.054168701171875, 
25.90625, -139, 0, 7, -0.0530242919921875, 
25.9140625, -212, 0, 7, -0.08087158203125, 
25.921875, -244, 0, 7, -0.09307861328125, 
25.9296875, -230, 0, 7, -0.087738037109375, 
25.9375, -200, 0, 7, -0.0762939453125, 
25.9453125, -201, 0, 7, -0.0766754150390625, 
25.953125, -261, 0, 7, -0.0995635986328125, 
25.9609375, -282, 0, 7, -0.107574462890625, 
25.96875, -202, 0, 7, -0.077056884765625, 
25.9765625, -133, 0, 7, -0.0507354736328125, 
25.984375, -156, 0, 7, -0.05950927734375, 
25.9921875, -221, 2, 7, -0.0843048095703125, 
26, -260, 0, 7, -0.09918212890625, 
26.0078125, -208, 0, 7, -0.079345703125, 
26.015625, -77, 0, 7, -0.0293731689453125, 
26.0234375, -71, 0, 7, -0.0270843505859375, 
26.03125, -227, 0, 7, -0.0865936279296875, 
26.0390625, -314, 0, 7, -0.119781494140625, 
26.046875, -235, 0, 7, -0.0896453857421875, 
26.0546875, -112, 0, 7, -0.042724609375, 
26.0625, -89, 0, 7, -0.0339508056640625, 
26.0703125, -162, 0, 7, -0.061798095703125, 
26.078125, -166, 0, 7, -0.063323974609375, 
26.0859375, -100, 0, 7, -0.03814697265625, 
26.09375, -104, 0, 7, -0.0396728515625, 
26.1015625, -154, 0, 7, -0.058746337890625, 
26.109375, -116, 0, 7, -0.04425048828125, 
26.1171875, -32, 2, 7, -0.01220703125, 
26.125, -39, 0, 7, -0.0148773193359375, 
26.1328125, -148, 0, 7, -0.05645751953125, 
26.140625, -229, 0, 7, -0.0873565673828125, 
26.1484375, -237, 0, 7, -0.0904083251953125, 
26.15625, -215, 0, 7, -0.0820159912109375, 
26.1640625, -169, 0, 7, -0.0644683837890625, 
26.171875, -134, 0, 7, -0.051116943359375, 
26.1796875, -132, 0, 7, -0.05035400390625, 
26.1875, -159, 0, 7, -0.0606536865234375, 
26.1953125, -165, 0, 7, -0.0629425048828125, 
26.203125, -123, 0, 7, -0.0469207763671875, 
26.2109375, -57, 0, 7, -0.0217437744140625, 
26.21875, 61, 0, 7, 0.0232696533203125, 
26.2265625, 107, 0, 7, 0.0408172607421875, 
26.234375, -65, 0, 7, -0.0247955322265625, 
26.2421875, -377, 2, 7, -0.143814086914063, 
26.25, -615, 0, 7, -0.234603881835938, 
26.2578125, -567, 0, 7, -0.216293334960938, 
26.265625, -329, 0, 7, -0.125503540039063, 
26.2734375, -172, 0, 7, -0.06561279296875, 
26.28125, -129, 0, 7, -0.0492095947265625, 
26.2890625, -92, 0, 7, -0.03509521484375, 
26.296875, -54, 0, 7, -0.020599365234375, 
26.3046875, -93, 0, 7, -0.0354766845703125, 
26.3125, -164, 0, 7, -0.06256103515625, 
26.3203125, -158, 0, 7, -0.060272216796875, 
26.328125, -66, 0, 7, -0.025177001953125, 
26.3359375, 32, 0, 7, 0.01220703125, 
26.34375, 27, 0, 7, 0.0102996826171875, 
26.3515625, -53, 0, 7, -0.0202178955078125, 
26.359375, -84, 0, 7, -0.03204345703125, 
26.3671875, -24, 2, 7, -0.0091552734375, 
26.375, 75, 0, 7, 0.0286102294921875, 
26.3828125, 138, 0, 7, 0.052642822265625, 
26.390625, 132, 0, 7, 0.05035400390625, 
26.3984375, 59, 0, 7, 0.0225067138671875, 
26.40625, -15, 0, 7, -0.0057220458984375, 
26.4140625, -17, 0, 7, -0.0064849853515625, 
26.421875, 44, 0, 7, 0.01678466796875, 
26.4296875, 76, 0, 7, 0.02899169921875, 
26.4375, 36, 0, 7, 0.01373291015625, 
26.4453125, 41, 0, 7, 0.0156402587890625, 
26.453125, 101, 0, 7, 0.0385284423828125, 
26.4609375, 127, 0, 7, 0.0484466552734375, 
26.46875, 116, 0, 7, 0.04425048828125, 
26.4765625, 137, 0, 7, 0.0522613525390625, 
26.484375, 230, 0, 7, 0.087738037109375, 
26.4921875, 315, 2, 7, 0.120162963867188, 
26.5, 286, 0, 7, 0.109100341796875, 
26.5078125, 181, 0, 7, 0.0690460205078125, 
26.515625, 95, 0, 7, 0.0362396240234375, 
26.5234375, 81, 0, 7, 0.0308990478515625, 
26.53125, 56, 0, 7, 0.0213623046875, 
26.5390625, -10, 0, 7, -0.003814697265625, 
26.546875, -88, 0, 7, -0.0335693359375, 
26.5546875, -176, 0, 7, -0.067138671875, 
26.5625, -254, 0, 7, -0.096893310546875, 
26.5703125, -303, 0, 7, -0.115585327148438, 
26.578125, -331, 0, 7, -0.126266479492188, 
26.5859375, -272, 0, 7, -0.103759765625, 
26.59375, -173, 0, 7, -0.0659942626953125, 
26.6015625, -182, 0, 7, -0.069427490234375, 
26.609375, -320, 0, 7, -0.1220703125, 
26.6171875, -433, 2, 7, -0.165176391601563, 
26.625, -410, 0, 7, -0.156402587890625, 
26.6328125, -293, 0, 7, -0.111770629882813, 
26.640625, -209, 0, 7, -0.0797271728515625, 
26.6484375, -237, 0, 7, -0.0904083251953125, 
26.65625, -309, 0, 7, -0.117874145507813, 
26.6640625, -327, 0, 7, -0.124740600585938, 
26.671875, -270, 0, 7, -0.102996826171875, 
26.6796875, -167, 0, 7, -0.0637054443359375, 
26.6875, -117, 0, 7, -0.0446319580078125, 
26.6953125, -169, 0, 7, -0.0644683837890625, 
26.703125, -213, 0, 7, -0.0812530517578125, 
26.7109375, -173, 0, 7, -0.0659942626953125, 
26.71875, -118, 0, 7, -0.045013427734375, 
26.7265625, -179, 0, 7, -0.0682830810546875, 
26.734375, -340, 0, 7, -0.12969970703125, 
26.7421875, -402, 2, 7, -0.153350830078125, 
26.75, -241, 0, 7, -0.0919342041015625, 
26.7578125, -73, 0, 7, -0.0278472900390625, 
26.765625, -120, 0, 7, -0.0457763671875, 
26.7734375, -262, 0, 7, -0.099945068359375, 
26.78125, -310, 0, 7, -0.118255615234375, 
26.7890625, -236, 0, 7, -0.09002685546875, 
26.796875, -107, 0, 7, -0.0408172607421875, 
26.8046875, -60, 0, 7, -0.02288818359375, 
26.8125, -86, 0, 7, -0.032806396484375, 
26.8203125, -123, 0, 7, -0.0469207763671875, 
26.828125, -209, 0, 7, -0.0797271728515625, 
26.8359375, -307, 0, 7, -0.117111206054688, 
26.84375, -307, 0, 7, -0.117111206054688, 
26.8515625, -195, 0, 7, -0.0743865966796875, 
26.859375, -120, 0, 7, -0.0457763671875, 
26.8671875, -137, 2, 7, -0.0522613525390625, 
26.875, -161, 0, 7, -0.0614166259765625, 
26.8828125, -143, 0, 7, -0.0545501708984375, 
26.890625, -114, 0, 7, -0.043487548828125, 
26.8984375, -179, 0, 7, -0.0682830810546875, 
26.90625, -291, 0, 7, -0.111007690429688, 
26.9140625, -300, 0, 7, -0.11444091796875, 
26.921875, -212, 0, 7, -0.08087158203125, 
26.9296875, -128, 0, 7, -0.048828125, 
26.9375, -130, 0, 7, -0.049591064453125, 
26.9453125, -177, 0, 7, -0.0675201416015625, 
26.953125, -213, 0, 7, -0.0812530517578125, 
26.9609375, -212, 0, 7, -0.08087158203125, 
26.96875, -150, 0, 7, -0.057220458984375, 
26.9765625, -80, 0, 7, -0.030517578125, 
26.984375, -58, 0, 7, -0.022125244140625, 
26.9921875, -75, 2, 7, -0.0286102294921875, 
27, -76, 0, 7, -0.02899169921875, 
27.0078125, -72, 0, 7, -0.0274658203125, 
27.015625, -97, 0, 7, -0.0370025634765625, 
27.0234375, -122, 0, 7, -0.046539306640625, 
27.03125, -88, 0, 7, -0.0335693359375, 
27.0390625, -36, 0, 7, -0.01373291015625, 
27.046875, -56, 0, 7, -0.0213623046875, 
27.0546875, -173, 0, 7, -0.0659942626953125, 
27.0625, -284, 0, 7, -0.10833740234375, 
27.0703125, -276, 0, 7, -0.10528564453125, 
27.078125, -226, 0, 7, -0.086212158203125, 
27.0859375, -214, 0, 7, -0.081634521484375, 
27.09375, -142, 0, 7, -0.054168701171875, 
27.1015625, 31, 0, 7, 0.0118255615234375, 
27.109375, 138, 0, 7, 0.052642822265625, 
27.1171875, 9, 2, 7, 0.0034332275390625, 
27.125, -279, 0, 7, -0.106430053710938, 
27.1328125, -467, 0, 7, -0.178146362304688, 
27.140625, -510, 0, 7, -0.194549560546875, 
27.1484375, -456, 0, 7, -0.1739501953125, 
27.15625, -342, 0, 7, -0.130462646484375, 
27.1640625, -206, 0, 7, -0.078582763671875, 
27.171875, -111, 0, 7, -0.0423431396484375, 
27.1796875, -122, 0, 7, -0.046539306640625, 
27.1875, -195, 0, 7, -0.0743865966796875, 
27.1953125, -215, 0, 7, -0.0820159912109375, 
27.203125, -152, 0, 7, -0.0579833984375, 
27.2109375, -79, 0, 7, -0.0301361083984375, 
27.21875, -89, 0, 7, -0.0339508056640625, 
27.2265625, -137, 0, 7, -0.0522613525390625, 
27.234375, -199, 0, 7, -0.0759124755859375, 
27.2421875, -220, 2, 7, -0.08392333984375, 
27.25, -98, 0, 7, -0.037384033203125, 
27.2578125, 43, 0, 7, 0.0164031982421875, 
27.265625, 26, 0, 7, 0.009918212890625, 
27.2734375, -100, 0, 7, -0.03814697265625, 
27.28125, -187, 0, 7, -0.0713348388671875, 
27.2890625, -200, 0, 7, -0.0762939453125, 
27.296875, -129, 0, 7, -0.0492095947265625, 
27.3046875, 14, 0, 7, 0.005340576171875, 
27.3125, 96, 0, 7, 0.03662109375, 
27.3203125, 64, 0, 7, 0.0244140625, 
27.328125, -42, 0, 7, -0.016021728515625, 
27.3359375, -119, 0, 7, -0.0453948974609375, 
27.34375, 6, 0, 7, 0.002288818359375, 
27.3515625, 205, 0, 7, 0.0782012939453125, 
27.359375, 207, 0, 7, 0.0789642333984375, 
27.3671875, 66, 2, 7, 0.025177001953125, 
27.375, 54, 0, 7, 0.020599365234375, 
27.3828125, 157, 0, 7, 0.0598907470703125, 
27.390625, 223, 0, 7, 0.0850677490234375, 
27.3984375, 247, 0, 7, 0.0942230224609375, 
27.40625, 192, 0, 7, 0.0732421875, 
27.4140625, 57, 0, 7, 0.0217437744140625, 
27.421875, -62, 0, 7, -0.023651123046875, 
27.4296875, -175, 0, 7, -0.0667572021484375, 
27.4375, -242, 0, 7, -0.092315673828125, 
27.4453125, -225, 0, 7, -0.0858306884765625, 
27.453125, -204, 0, 7, -0.07781982421875, 
27.4609375, -255, 0, 7, -0.0972747802734375, 
27.46875, -345, 0, 7, -0.131607055664063, 
27.4765625, -410, 0, 7, -0.156402587890625, 
27.484375, -374, 0, 7, -0.142669677734375, 
27.4921875, -251, 2, 7, -0.0957489013671875, 
27.5, -222, 0, 7, -0.084686279296875, 
27.5078125, -347, 0, 7, -0.132369995117188, 
27.515625, -400, 0, 7, -0.152587890625, 
27.5234375, -317, 0, 7, -0.120925903320313, 
27.53125, -238, 0, 7, -0.090789794921875, 
27.5390625, -244, 0, 7, -0.09307861328125, 
27.546875, -297, 0, 7, -0.113296508789063, 
27.5546875, -308, 0, 7, -0.11749267578125, 
27.5625, -224, 0, 7, -0.08544921875, 
27.5703125, -134, 0, 7, -0.051116943359375, 
27.578125, -130, 0, 7, -0.049591064453125, 
27.5859375, -152, 0, 7, -0.0579833984375, 
27.59375, -129, 0, 7, -0.0492095947265625, 
27.6015625, -84, 0, 7, -0.03204345703125, 
27.609375, -109, 0, 7, -0.0415802001953125, 
27.6171875, -204, 2, 7, -0.07781982421875, 
27.625, -246, 0, 7, -0.093841552734375, 
27.6328125, -176, 0, 7, -0.067138671875, 
27.640625, -109, 0, 7, -0.0415802001953125, 
27.6484375, -146, 0, 7, -0.055694580078125, 
27.65625, -210, 0, 7, -0.080108642578125, 
27.6640625, -206, 0, 7, -0.078582763671875, 
27.671875, -155, 0, 7, -0.0591278076171875, 
27.6796875, -81, 0, 7, -0.0308990478515625, 
27.6875, -56, 0, 7, -0.0213623046875, 
27.6953125, -64, 0, 7, -0.0244140625, 
27.703125, -97, 0, 7, -0.0370025634765625, 
27.7109375, -174, 0, 7, -0.066375732421875, 
27.71875, -220, 0, 7, -0.08392333984375, 
27.7265625, -220, 0, 7, -0.08392333984375, 
27.734375, -209, 0, 7, -0.0797271728515625, 
27.7421875, -191, 2, 7, -0.0728607177734375, 
27.75, -182, 0, 7, -0.069427490234375, 
27.7578125, -159, 0, 7, -0.0606536865234375, 
27.765625, -132, 0, 7, -0.05035400390625, 
27.7734375, -116, 0, 7, -0.04425048828125, 
27.78125, -128, 0, 7, -0.048828125, 
27.7890625, -155, 0, 7, -0.0591278076171875, 
27.796875, -151, 0, 7, -0.0576019287109375, 
27.8046875, -133, 0, 7, -0.0507354736328125, 
27.8125, -106, 0, 7, -0.040435791015625, 
27.8203125, -58, 0, 7, -0.022125244140625, 
27.828125, -81, 0, 7, -0.0308990478515625, 
27.8359375, -160, 0, 7, -0.06103515625, 
27.84375, -173, 0, 7, -0.0659942626953125, 
27.8515625, -91, 0, 7, -0.0347137451171875, 
27.859375, 5, 0, 7, 0.0019073486328125, 
27.8671875, -18, 2, 7, -0.006866455078125, 
27.875, -88, 0, 7, -0.0335693359375, 
27.8828125, -138, 0, 7, -0.052642822265625, 
27.890625, -165, 0, 7, -0.0629425048828125, 
27.8984375, -111, 0, 7, -0.0423431396484375, 
27.90625, 30, 0, 7, 0.011444091796875, 
27.9140625, 145, 0, 7, 0.0553131103515625, 
27.921875, 80, 0, 7, 0.030517578125, 
27.9296875, -116, 0, 7, -0.04425048828125, 
27.9375, -219, 0, 7, -0.0835418701171875, 
27.9453125, -162, 0, 7, -0.061798095703125, 
27.953125, -83, 0, 7, -0.0316619873046875, 
27.9609375, -68, 0, 7, -0.02593994140625, 
27.96875, -101, 0, 7, -0.0385284423828125, 
27.9765625, -160, 0, 7, -0.06103515625, 
27.984375, -193, 0, 7, -0.0736236572265625, 
27.9921875, -165, 2, 7, -0.0629425048828125, 
28, -26, 0, 7, -0.009918212890625, 
28.0078125, 201, 0, 7, 0.0766754150390625, 
28.015625, 323, 0, 7, 0.123214721679688, 
28.0234375, 180, 0, 7, 0.06866455078125, 
28.03125, -168, 0, 7, -0.0640869140625, 
28.0390625, -443, 0, 7, -0.168991088867188, 
28.046875, -469, 0, 7, -0.178909301757813, 
28.0546875, -332, 0, 7, -0.12664794921875, 
28.0625, -220, 0, 7, -0.08392333984375, 
28.0703125, -195, 0, 7, -0.0743865966796875, 
28.078125, -142, 0, 7, -0.054168701171875, 
28.0859375, -42, 0, 7, -0.016021728515625, 
28.09375, -19, 0, 7, -0.0072479248046875, 
28.1015625, -61, 0, 7, -0.0232696533203125, 
28.109375, -63, 0, 7, -0.0240325927734375, 
28.1171875, -37, 2, 7, -0.0141143798828125, 
28.125, -41, 0, 7, -0.0156402587890625, 
28.1328125, -45, 0, 7, -0.0171661376953125, 
28.140625, -22, 0, 7, -0.008392333984375, 
28.1484375, 26, 0, 7, 0.009918212890625, 
28.15625, 76, 0, 7, 0.02899169921875, 
28.1640625, 89, 0, 7, 0.0339508056640625, 
28.171875, 51, 0, 7, 0.0194549560546875, 
28.1796875, 23, 0, 7, 0.0087738037109375, 
28.1875, 34, 0, 7, 0.012969970703125, 
28.1953125, 84, 0, 7, 0.03204345703125, 
28.203125, 155, 0, 7, 0.0591278076171875, 
28.2109375, 151, 0, 7, 0.0576019287109375, 
28.21875, 81, 0, 7, 0.0308990478515625, 
28.2265625, 75, 0, 7, 0.0286102294921875, 
28.234375, 122, 0, 7, 0.046539306640625, 
28.2421875, 130, 2, 7, 0.049591064453125, 
28.25, 95, 0, 7, 0.0362396240234375, 
28.2578125, 95, 0, 7, 0.0362396240234375, 
28.265625, 193, 0, 7, 0.0736236572265625, 
28.2734375, 344, 0, 7, 0.1312255859375, 
28.28125, 419, 0, 7, 0.159835815429688, 
28.2890625, 382, 0, 7, 0.145721435546875, 
28.296875, 311, 0, 7, 0.118637084960938, 
28.3046875, 249, 0, 7, 0.0949859619140625, 
28.3125, 211, 0, 7, 0.0804901123046875, 
28.3203125, 193, 0, 7, 0.0736236572265625, 
28.328125, 127, 0, 7, 0.0484466552734375, 
28.3359375, 31, 0, 7, 0.0118255615234375, 
28.34375, -30, 0, 7, -0.011444091796875, 
28.3515625, -60, 0, 7, -0.02288818359375, 
28.359375, -109, 0, 7, -0.0415802001953125, 
28.3671875, -143, 2, 7, -0.0545501708984375, 
28.375, -133, 0, 7, -0.0507354736328125, 
28.3828125, -138, 0, 7, -0.052642822265625, 
28.390625, -202, 0, 7, -0.077056884765625, 
28.3984375, -255, 0, 7, -0.0972747802734375, 
28.40625, -208, 0, 7, -0.079345703125, 
28.4140625, -124, 0, 7, -0.04730224609375, 
28.421875, -158, 0, 7, -0.060272216796875, 
28.4296875, -235, 0, 7, -0.0896453857421875, 
28.4375, -194, 0, 7, -0.074005126953125, 
28.4453125, -84, 0, 7, -0.03204345703125, 
28.453125, -64, 0, 7, -0.0244140625, 
28.4609375, -122, 0, 7, -0.046539306640625, 
28.46875, -93, 0, 7, -0.0354766845703125, 
28.4765625, 22, 0, 7, 0.008392333984375, 
28.484375, 27, 0, 7, 0.0102996826171875, 
28.4921875, -90, 2, 7, -0.034332275390625, 
28.5, -161, 0, 7, -0.0614166259765625, 
28.5078125, -132, 0, 7, -0.05035400390625, 
28.515625, -100, 0, 7, -0.03814697265625, 
28.5234375, -94, 0, 7, -0.035858154296875, 
28.53125, -75, 0, 7, -0.0286102294921875, 
28.5390625, -24, 0, 7, -0.0091552734375, 
28.546875, 24, 0, 7, 0.0091552734375, 
28.5546875, 2, 0, 7, 0.000762939453125, 
28.5625, -80, 0, 7, -0.030517578125, 
28.5703125, -120, 0, 7, -0.0457763671875, 
28.578125, -100, 0, 7, -0.03814697265625, 
28.5859375, -60, 0, 7, -0.02288818359375, 
28.59375, -26, 0, 7, -0.009918212890625, 
28.6015625, -32, 0, 7, -0.01220703125, 
28.609375, -50, 0, 7, -0.019073486328125, 
28.6171875, -22, 2, 7, -0.008392333984375, 
28.625, 35, 0, 7, 0.0133514404296875, 
28.6328125, 66, 0, 7, 0.025177001953125, 
28.640625, 52, 0, 7, 0.01983642578125, 
28.6484375, -28, 0, 7, -0.01068115234375, 
28.65625, -144, 0, 7, -0.054931640625, 
28.6640625, -170, 0, 7, -0.064849853515625, 
28.671875, -84, 0, 7, -0.03204345703125, 
28.6796875, -4, 0, 7, -0.00152587890625, 
28.6875, 42, 0, 7, 0.016021728515625, 
28.6953125, 13, 0, 7, 0.0049591064453125, 
28.703125, -64, 0, 7, -0.0244140625, 
28.7109375, -89, 0, 7, -0.0339508056640625, 
28.71875, -39, 0, 7, -0.0148773193359375, 
28.7265625, -13, 0, 7, -0.0049591064453125, 
28.734375, -62, 0, 7, -0.023651123046875, 
28.7421875, -68, 2, 7, -0.02593994140625, 
28.75, 18, 0, 7, 0.006866455078125, 
28.7578125, 62, 0, 7, 0.023651123046875, 
28.765625, 30, 0, 7, 0.011444091796875, 
28.7734375, 1, 0, 7, 0.0003814697265625, 
28.78125, 53, 0, 7, 0.0202178955078125, 
28.7890625, 84, 0, 7, 0.03204345703125, 
28.796875, -14, 0, 7, -0.005340576171875, 
28.8046875, -138, 0, 7, -0.052642822265625, 
28.8125, -146, 0, 7, -0.055694580078125, 
28.8203125, -88, 0, 7, -0.0335693359375, 
28.828125, -60, 0, 7, -0.02288818359375, 
28.8359375, -52, 0, 7, -0.01983642578125, 
28.84375, -23, 0, 7, -0.0087738037109375, 
28.8515625, -47, 0, 7, -0.0179290771484375, 
28.859375, -109, 0, 7, -0.0415802001953125, 
28.8671875, -36, 2, 7, -0.01373291015625, 
28.875, 193, 0, 7, 0.0736236572265625, 
28.8828125, 284, 0, 7, 0.10833740234375, 
28.890625, 34, 0, 7, 0.012969970703125, 
28.8984375, -329, 0, 7, -0.125503540039063, 
28.90625, -501, 0, 7, -0.191116333007813, 
28.9140625, -433, 0, 7, -0.165176391601563, 
28.921875, -295, 0, 7, -0.112533569335938, 
28.9296875, -205, 0, 7, -0.0782012939453125, 
28.9375, -152, 0, 7, -0.0579833984375, 
28.9453125, -82, 0, 7, -0.031280517578125, 
28.953125, -22, 0, 7, -0.008392333984375, 
28.9609375, 14, 0, 7, 0.005340576171875, 
28.96875, 79, 0, 7, 0.0301361083984375, 
28.9765625, 117, 0, 7, 0.0446319580078125, 
28.984375, 64, 0, 7, 0.0244140625, 
28.9921875, 0, 2, 7, 0, 
29, 9, 0, 7, 0.0034332275390625, 
29.0078125, 55, 0, 7, 0.0209808349609375, 
29.015625, 91, 0, 7, 0.0347137451171875, 
29.0234375, 87, 0, 7, 0.0331878662109375, 
29.03125, 74, 0, 7, 0.028228759765625, 
29.0390625, 86, 0, 7, 0.032806396484375, 
29.046875, 77, 0, 7, 0.0293731689453125, 
29.0546875, 3, 0, 7, 0.0011444091796875, 
29.0625, -48, 0, 7, -0.018310546875, 
29.0703125, 8, 0, 7, 0.0030517578125, 
29.078125, 89, 0, 7, 0.0339508056640625, 
29.0859375, 75, 0, 7, 0.0286102294921875, 
29.09375, -8, 0, 7, -0.0030517578125, 
29.1015625, -39, 0, 7, -0.0148773193359375, 
29.109375, 66, 0, 7, 0.025177001953125, 
29.1171875, 176, 2, 7, 0.067138671875, 
29.125, 160, 0, 7, 0.06103515625, 
29.1328125, 92, 0, 7, 0.03509521484375, 
29.140625, 137, 0, 7, 0.0522613525390625, 
29.1484375, 274, 0, 7, 0.104522705078125, 
29.15625, 355, 0, 7, 0.135421752929688, 
29.1640625, 349, 0, 7, 0.133132934570313, 
29.171875, 304, 0, 7, 0.115966796875, 
29.1796875, 263, 0, 7, 0.100326538085938, 
29.1875, 216, 0, 7, 0.0823974609375, 
29.1953125, 83, 0, 7, 0.0316619873046875, 
29.203125, -71, 0, 7, -0.0270843505859375, 
29.2109375, -146, 0, 7, -0.055694580078125, 
29.21875, -184, 0, 7, -0.0701904296875, 
29.2265625, -190, 0, 7, -0.072479248046875, 
29.234375, -170, 0, 7, -0.064849853515625, 
29.2421875, -211, 2, 7, -0.0804901123046875, 
29.25, -317, 0, 7, -0.120925903320313, 
29.2578125, -343, 0, 7, -0.130844116210938, 
29.265625, -223, 0, 7, -0.0850677490234375, 
29.2734375, -83, 0, 7, -0.0316619873046875, 
29.28125, -65, 0, 7, -0.0247955322265625, 
29.2890625, -180, 0, 7, -0.06866455078125, 
29.296875, -251, 0, 7, -0.0957489013671875, 
29.3046875, -187, 0, 7, -0.0713348388671875, 
29.3125, -96, 0, 7, -0.03662109375, 
29.3203125, -76, 0, 7, -0.02899169921875, 
29.328125, -93, 0, 7, -0.0354766845703125, 
29.3359375, -141, 0, 7, -0.0537872314453125, 
29.34375, -177, 0, 7, -0.0675201416015625, 
29.3515625, -114, 0, 7, -0.043487548828125, 
29.359375, -16, 0, 7, -0.006103515625, 
29.3671875, -4, 2, 7, -0.00152587890625, 
29.375, -67, 0, 7, -0.0255584716796875, 
29.3828125, -99, 0, 7, -0.0377655029296875, 
29.390625, -73, 0, 7, -0.0278472900390625, 
29.3984375, -41, 0, 7, -0.0156402587890625, 
29.40625, -47, 0, 7, -0.0179290771484375, 
29.4140625, -13, 0, 7, -0.0049591064453125, 
29.421875, 63, 0, 7, 0.0240325927734375, 
29.4296875, 72, 0, 7, 0.0274658203125, 
29.4375, -16, 0, 7, -0.006103515625, 
29.4453125, -66, 0, 7, -0.025177001953125, 
29.453125, 12, 0, 7, 0.00457763671875, 
29.4609375, 87, 0, 7, 0.0331878662109375, 
29.46875, 56, 0, 7, 0.0213623046875, 
29.4765625, -64, 0, 7, -0.0244140625, 
29.484375, -178, 0, 7, -0.067901611328125, 
29.4921875, -125, 2, 7, -0.0476837158203125, 
29.5, 15, 0, 7, 0.0057220458984375, 
29.5078125, 82, 0, 7, 0.031280517578125, 
29.515625, 75, 0, 7, 0.0286102294921875, 
29.5234375, 44, 0, 7, 0.01678466796875, 
29.53125, -1, 0, 7, -0.0003814697265625, 
29.5390625, -25, 0, 7, -0.0095367431640625, 
29.546875, -6, 0, 7, -0.002288818359375, 
29.5546875, 18, 0, 7, 0.006866455078125, 
29.5625, 25, 0, 7, 0.0095367431640625, 
29.5703125, 22, 0, 7, 0.008392333984375, 
29.578125, 5, 0, 7, 0.0019073486328125, 
29.5859375, 29, 0, 7, 0.0110626220703125, 
29.59375, 60, 0, 7, 0.02288818359375, 
29.6015625, 34, 0, 7, 0.012969970703125, 
29.609375, 18, 0, 7, 0.006866455078125, 
29.6171875, 43, 2, 7, 0.0164031982421875, 
29.625, 55, 0, 7, 0.0209808349609375, 
29.6328125, 22, 0, 7, 0.008392333984375, 
29.640625, -44, 0, 7, -0.01678466796875, 
29.6484375, -109, 0, 7, -0.0415802001953125, 
29.65625, -119, 0, 7, -0.0453948974609375, 
29.6640625, -68, 0, 7, -0.02593994140625, 
29.671875, -47, 0, 7, -0.0179290771484375, 
29.6796875, -67, 0, 7, -0.0255584716796875, 
29.6875, -64, 0, 7, -0.0244140625, 
29.6953125, 30, 0, 7, 0.011444091796875, 
29.703125, 233, 0, 7, 0.0888824462890625, 
29.7109375, 353, 0, 7, 0.134658813476563, 
29.71875, 225, 0, 7, 0.0858306884765625, 
29.7265625, -100, 0, 7, -0.03814697265625, 
29.734375, -358, 0, 7, -0.136566162109375, 
29.7421875, -340, 2, 7, -0.12969970703125, 
29.75, -144, 0, 7, -0.054931640625, 
29.7578125, -7, 0, 7, -0.0026702880859375, 
29.765625, -16, 0, 7, -0.006103515625, 
29.7734375, -58, 0, 7, -0.022125244140625, 
29.78125, -16, 0, 7, -0.006103515625, 
29.7890625, 28, 0, 7, 0.01068115234375, 
29.796875, 34, 0, 7, 0.012969970703125, 
29.8046875, 68, 0, 7, 0.02593994140625, 
29.8125, 126, 0, 7, 0.048065185546875, 
29.8203125, 148, 0, 7, 0.05645751953125, 
29.828125, 111, 0, 7, 0.0423431396484375, 
29.8359375, 68, 0, 7, 0.02593994140625, 
29.84375, 56, 0, 7, 0.0213623046875, 
29.8515625, 60, 0, 7, 0.02288818359375, 
29.859375, 113, 0, 7, 0.0431060791015625, 
29.8671875, 136, 2, 7, 0.0518798828125, 
29.875, 100, 0, 7, 0.03814697265625, 
29.8828125, 58, 0, 7, 0.022125244140625, 
29.890625, 38, 0, 7, 0.014495849609375, 
29.8984375, 91, 0, 7, 0.0347137451171875, 
29.90625, 169, 0, 7, 0.0644683837890625, 
29.9140625, 194, 0, 7, 0.074005126953125, 
29.921875, 154, 0, 7, 0.058746337890625, 
29.9296875, 99, 0, 7, 0.0377655029296875, 
29.9375, 92, 0, 7, 0.03509521484375, 
29.9453125, 129, 0, 7, 0.0492095947265625, 
29.953125, 210, 0, 7, 0.080108642578125, 
29.9609375, 245, 0, 7, 0.0934600830078125, 
29.96875, 233, 0, 7, 0.0888824462890625, 
29.9765625, 321, 0, 7, 0.122451782226563, 
29.984375, 422, 0, 7, 0.160980224609375, 
29.9921875, 408, 2, 7, 0.1556396484375, 
30, 319, 0, 7, 0.121688842773438, 
30.0078125, 255, 0, 7, 0.0972747802734375, 
30.015625, 228, 0, 7, 0.08697509765625, 
30.0234375, 155, 0, 7, 0.0591278076171875, 
30.03125, 35, 0, 7, 0.0133514404296875, 
30.0390625, -77, 0, 7, -0.0293731689453125, 
30.046875, -158, 0, 7, -0.060272216796875, 
30.0546875, -254, 0, 7, -0.096893310546875, 
30.0625, -330, 0, 7, -0.125885009765625, 
30.0703125, -239, 0, 7, -0.0911712646484375, 
30.078125, -88, 0, 7, -0.0335693359375, 
30.0859375, -54, 0, 7, -0.020599365234375, 
30.09375, -114, 0, 7, -0.043487548828125, 
30.1015625, -190, 0, 7, -0.072479248046875, 
30.109375, -260, 0, 7, -0.09918212890625, 
30.1171875, -331, 2, 7, -0.126266479492188, 
30.125, -332, 0, 7, -0.12664794921875, 
30.1328125, -246, 0, 7, -0.093841552734375, 
30.140625, -163, 0, 7, -0.0621795654296875, 
30.1484375, -119, 0, 7, -0.0453948974609375, 
30.15625, -113, 0, 7, -0.0431060791015625, 
30.1640625, -118, 0, 7, -0.045013427734375, 
30.171875, -147, 0, 7, -0.0560760498046875, 
30.1796875, -134, 0, 7, -0.051116943359375, 
30.1875, -44, 0, 7, -0.01678466796875, 
30.1953125, -10, 0, 7, -0.003814697265625, 
30.203125, -102, 0, 7, -0.038909912109375, 
30.2109375, -184, 0, 7, -0.0701904296875, 
30.21875, -161, 0, 7, -0.0614166259765625, 
30.2265625, -89, 0, 7, -0.0339508056640625, 
30.234375, -56, 0, 7, -0.0213623046875, 
30.2421875, -64, 2, 7, -0.0244140625, 
30.25, -59, 0, 7, -0.0225067138671875, 
30.2578125, -41, 0, 7, -0.0156402587890625, 
30.265625, -34, 0, 7, -0.012969970703125, 
30.2734375, -68, 0, 7, -0.02593994140625, 
30.28125, -101, 0, 7, -0.0385284423828125, 
30.2890625, -127, 0, 7, -0.0484466552734375, 
30.296875, -118, 0, 7, -0.045013427734375, 
30.3046875, -48, 0, 7, -0.018310546875, 
30.3125, -36, 0, 7, -0.01373291015625, 
30.3203125, -92, 0, 7, -0.03509521484375, 
30.328125, -86, 0, 7, -0.032806396484375, 
30.3359375, -39, 0, 7, -0.0148773193359375, 
30.34375, -7, 0, 7, -0.0026702880859375, 
30.3515625, -3, 0, 7, -0.0011444091796875, 
30.359375, -21, 0, 7, -0.0080108642578125, 
30.3671875, -74, 2, 7, -0.028228759765625, 
30.375, -124, 0, 7, -0.04730224609375, 
30.3828125, -146, 0, 7, -0.055694580078125, 
30.390625, -126, 0, 7, -0.048065185546875, 
30.3984375, -83, 0, 7, -0.0316619873046875, 
30.40625, -22, 0, 7, -0.008392333984375, 
30.4140625, 47, 0, 7, 0.0179290771484375, 
30.421875, 93, 0, 7, 0.0354766845703125, 
30.4296875, 38, 0, 7, 0.014495849609375, 
30.4375, -50, 0, 7, -0.019073486328125, 
30.4453125, -59, 0, 7, -0.0225067138671875, 
30.453125, 22, 0, 7, 0.008392333984375, 
30.4609375, 130, 0, 7, 0.049591064453125, 
30.46875, 162, 0, 7, 0.061798095703125, 
30.4765625, 50, 0, 7, 0.019073486328125, 
30.484375, -91, 0, 7, -0.0347137451171875, 
30.4921875, -109, 2, 7, -0.0415802001953125, 
30.5, -20, 0, 7, -0.00762939453125, 
30.5078125, 33, 0, 7, 0.0125885009765625, 
30.515625, 27, 0, 7, 0.0102996826171875, 
30.5234375, -7, 0, 7, -0.0026702880859375, 
30.53125, -40, 0, 7, -0.0152587890625, 
30.5390625, -50, 0, 7, -0.019073486328125, 
30.546875, -67, 0, 7, -0.0255584716796875, 
30.5546875, -66, 0, 7, -0.025177001953125, 
30.5625, 82, 0, 7, 0.031280517578125, 
30.5703125, 342, 0, 7, 0.130462646484375, 
30.578125, 420, 0, 7, 0.16021728515625, 
30.5859375, 174, 0, 7, 0.066375732421875, 
30.59375, -215, 0, 7, -0.0820159912109375, 
30.6015625, -436, 0, 7, -0.16632080078125, 
30.609375, -341, 0, 7, -0.130081176757813, 
30.6171875, -134, 2, 7, -0.051116943359375, 
30.625, -74, 0, 7, -0.028228759765625, 
30.6328125, -85, 0, 7, -0.0324249267578125, 
30.640625, -2, 0, 7, -0.000762939453125, 
30.6484375, 81, 0, 7, 0.0308990478515625, 
30.65625, 107, 0, 7, 0.0408172607421875, 
30.6640625, 89, 0, 7, 0.0339508056640625, 
30.671875, 11, 0, 7, 0.0041961669921875, 
30.6796875, -59, 0, 7, -0.0225067138671875, 
30.6875, -6, 0, 7, -0.002288818359375, 
30.6953125, 167, 0, 7, 0.0637054443359375, 
30.703125, 294, 0, 7, 0.112152099609375, 
30.7109375, 273, 0, 7, 0.104141235351563, 
30.71875, 136, 0, 7, 0.0518798828125, 
30.7265625, -18, 0, 7, -0.006866455078125, 
30.734375, -29, 0, 7, -0.0110626220703125, 
30.7421875, 35, 2, 7, 0.0133514404296875, 
30.75, 44, 0, 7, 0.01678466796875, 
30.7578125, 20, 0, 7, 0.00762939453125, 
30.765625, 11, 0, 7, 0.0041961669921875, 
30.7734375, 36, 0, 7, 0.01373291015625, 
30.78125, 96, 0, 7, 0.03662109375, 
30.7890625, 195, 0, 7, 0.0743865966796875, 
30.796875, 292, 0, 7, 0.11138916015625, 
30.8046875, 285, 0, 7, 0.108718872070313, 
30.8125, 205, 0, 7, 0.0782012939453125, 
30.8203125, 151, 0, 7, 0.0576019287109375, 
30.828125, 212, 0, 7, 0.08087158203125, 
30.8359375, 330, 0, 7, 0.125885009765625, 
30.84375, 374, 0, 7, 0.142669677734375, 
30.8515625, 387, 0, 7, 0.147628784179688, 
30.859375, 390, 0, 7, 0.148773193359375, 
30.8671875, 284, 2, 7, 0.10833740234375, 
30.875, 163, 0, 7, 0.0621795654296875, 
30.8828125, 159, 0, 7, 0.0606536865234375, 
30.890625, 207, 0, 7, 0.0789642333984375, 
30.8984375, 158, 0, 7, 0.060272216796875, 
30.90625, -20, 0, 7, -0.00762939453125, 
30.9140625, -143, 0, 7, -0.0545501708984375, 
30.921875, -172, 0, 7, -0.06561279296875, 
30.9296875, -234, 0, 7, -0.089263916015625, 
30.9375, -297, 0, 7, -0.113296508789063, 
30.9453125, -235, 0, 7, -0.0896453857421875, 
30.953125, -110, 0, 7, -0.041961669921875, 
30.9609375, -114, 0, 7, -0.043487548828125, 
30.96875, -235, 0, 7, -0.0896453857421875, 
30.9765625, -301, 0, 7, -0.114822387695313, 
30.984375, -283, 0, 7, -0.107955932617188, 
30.9921875, -225, 2, 7, -0.0858306884765625, 
31, -219, 0, 7, -0.0835418701171875, 
31.0078125, -205, 0, 7, -0.0782012939453125, 
31.015625, -155, 0, 7, -0.0591278076171875, 
31.0234375, -113, 0, 7, -0.0431060791015625, 
31.03125, -83, 0, 7, -0.0316619873046875, 
31.0390625, -79, 0, 7, -0.0301361083984375, 
31.046875, -93, 0, 7, -0.0354766845703125, 
31.0546875, -118, 0, 7, -0.045013427734375, 
31.0625, -118, 0, 7, -0.045013427734375, 
31.0703125, -86, 0, 7, -0.032806396484375, 
31.078125, -83, 0, 7, -0.0316619873046875, 
31.0859375, -133, 0, 7, -0.0507354736328125, 
31.09375, -198, 0, 7, -0.075531005859375, 
31.1015625, -194, 0, 7, -0.074005126953125, 
31.109375, -136, 0, 7, -0.0518798828125, 
31.1171875, -84, 2, 7, -0.03204345703125, 
31.125, -24, 0, 7, -0.0091552734375, 
31.1328125, 31, 0, 7, 0.0118255615234375, 
31.140625, 43, 0, 7, 0.0164031982421875, 
31.1484375, -31, 0, 7, -0.0118255615234375, 
31.15625, -144, 0, 7, -0.054931640625, 
31.1640625, -164, 0, 7, -0.06256103515625, 
31.171875, -64, 0, 7, -0.0244140625, 
31.1796875, 12, 0, 7, 0.00457763671875, 
31.1875, -4, 0, 7, -0.00152587890625, 
31.1953125, -95, 0, 7, -0.0362396240234375, 
31.203125, -171, 0, 7, -0.0652313232421875, 
31.2109375, -149, 0, 7, -0.0568389892578125, 
31.21875, -75, 0, 7, -0.0286102294921875, 
31.2265625, -29, 0, 7, -0.0110626220703125, 
31.234375, -27, 0, 7, -0.0102996826171875, 
31.2421875, -23, 2, 7, -0.0087738037109375, 
31.25, 2, 0, 7, 0.000762939453125, 
31.2578125, -34, 0, 7, -0.012969970703125, 
31.265625, -122, 0, 7, -0.046539306640625, 
31.2734375, -176, 0, 7, -0.067138671875, 
31.28125, -120, 0, 7, -0.0457763671875, 
31.2890625, 18, 0, 7, 0.006866455078125, 
31.296875, 80, 0, 7, 0.030517578125, 
31.3046875, 14, 0, 7, 0.005340576171875, 
31.3125, -89, 0, 7, -0.0339508056640625, 
31.3203125, -91, 0, 7, -0.0347137451171875, 
31.328125, 23, 0, 7, 0.0087738037109375, 
31.3359375, 108, 0, 7, 0.04119873046875, 
31.34375, 77, 0, 7, 0.0293731689453125, 
31.3515625, -11, 0, 7, -0.0041961669921875, 
31.359375, -60, 0, 7, -0.02288818359375, 
31.3671875, -64, 2, 7, -0.0244140625, 
31.375, -93, 0, 7, -0.0354766845703125, 
31.3828125, -125, 0, 7, -0.0476837158203125, 
31.390625, -90, 0, 7, -0.034332275390625, 
31.3984375, -11, 0, 7, -0.0041961669921875, 
31.40625, 12, 0, 7, 0.00457763671875, 
31.4140625, -64, 0, 7, -0.0244140625, 
31.421875, -88, 0, 7, -0.0335693359375, 
31.4296875, 108, 0, 7, 0.04119873046875, 
31.4375, 376, 0, 7, 0.1434326171875, 
31.4453125, 325, 0, 7, 0.123977661132813, 
31.453125, -139, 0, 7, -0.0530242919921875, 
31.4609375, -560, 0, 7, -0.213623046875, 
31.46875, -515, 0, 7, -0.196456909179688, 
31.4765625, -161, 0, 7, -0.0614166259765625, 
31.484375, 45, 0, 7, 0.0171661376953125, 
31.4921875, 39, 2, 7, 0.0148773193359375, 
31.5, 29, 0, 7, 0.0110626220703125, 
31.5078125, 39, 0, 7, 0.0148773193359375, 
31.515625, -9, 0, 7, -0.0034332275390625, 
31.5234375, -88, 0, 7, -0.0335693359375, 
31.53125, -61, 0, 7, -0.0232696533203125, 
31.5390625, 72, 0, 7, 0.0274658203125, 
31.546875, 178, 0, 7, 0.067901611328125, 
31.5546875, 223, 0, 7, 0.0850677490234375, 
31.5625, 229, 0, 7, 0.0873565673828125, 
31.5703125, 167, 0, 7, 0.0637054443359375, 
31.578125, 54, 0, 7, 0.020599365234375, 
31.5859375, 34, 0, 7, 0.012969970703125, 
31.59375, 151, 0, 7, 0.0576019287109375, 
31.6015625, 240, 0, 7, 0.091552734375, 
31.609375, 241, 0, 7, 0.0919342041015625, 
31.6171875, 193, 2, 7, 0.0736236572265625, 
31.625, 168, 0, 7, 0.0640869140625, 
31.6328125, 185, 0, 7, 0.0705718994140625, 
31.640625, 218, 0, 7, 0.083160400390625, 
31.6484375, 298, 0, 7, 0.113677978515625, 
31.65625, 405, 0, 7, 0.154495239257813, 
31.6640625, 386, 0, 7, 0.147247314453125, 
31.671875, 283, 0, 7, 0.107955932617188, 
31.6796875, 278, 0, 7, 0.106048583984375, 
31.6875, 401, 0, 7, 0.152969360351563, 
31.6953125, 499, 0, 7, 0.190353393554688, 
31.703125, 443, 0, 7, 0.168991088867188, 
31.7109375, 275, 0, 7, 0.104904174804688, 
31.71875, 188, 0, 7, 0.07171630859375, 
31.7265625, 331, 0, 7, 0.126266479492188, 
31.734375, 516, 0, 7, 0.19683837890625, 
31.7421875, 485, 2, 7, 0.185012817382813, 
31.75, 286, 0, 7, 0.109100341796875, 
31.7578125, 95, 0, 7, 0.0362396240234375, 
31.765625, 16, 0, 7, 0.006103515625, 
31.7734375, -16, 0, 7, -0.006103515625, 
31.78125, -104, 0, 7, -0.0396728515625, 
31.7890625, -199, 0, 7, -0.0759124755859375, 
31.796875, -202, 0, 7, -0.077056884765625, 
31.8046875, -145, 0, 7, -0.0553131103515625, 
31.8125, -91, 0, 7, -0.0347137451171875, 
31.8203125, -85, 0, 7, -0.0324249267578125, 
31.828125, -131, 0, 7, -0.0499725341796875, 
31.8359375, -163, 0, 7, -0.0621795654296875, 
31.84375, -140, 0, 7, -0.05340576171875, 
31.8515625, -107, 0, 7, -0.0408172607421875, 
31.859375, -94, 0, 7, -0.035858154296875, 
31.8671875, -73, 2, 7, -0.0278472900390625, 
31.875, -40, 0, 7, -0.0152587890625, 
31.8828125, -42, 0, 7, -0.016021728515625, 
31.890625, -92, 0, 7, -0.03509521484375, 
31.8984375, -117, 0, 7, -0.0446319580078125, 
31.90625, -33, 0, 7, -0.0125885009765625, 
31.9140625, 69, 0, 7, 0.0263214111328125, 
31.921875, 30, 0, 7, 0.011444091796875, 
31.9296875, -47, 0, 7, -0.0179290771484375, 
31.9375, -25, 0, 7, -0.0095367431640625, 
31.9453125, 30, 0, 7, 0.011444091796875, 
31.953125, 65, 0, 7, 0.0247955322265625, 
31.9609375, 36, 0, 7, 0.01373291015625, 
31.96875, -45, 0, 7, -0.0171661376953125, 
31.9765625, -99, 0, 7, -0.0377655029296875, 
31.984375, -68, 0, 7, -0.02593994140625, 
31.9921875, 12, 2, 7, 0.00457763671875, 
32, 35, 0, 7, 0.0133514404296875, 
32.0078125, -6, 0, 7, -0.002288818359375, 
32.015625, -26, 0, 7, -0.009918212890625, 
32.0234375, 11, 0, 7, 0.0041961669921875, 
32.03125, 56, 0, 7, 0.0213623046875, 
32.0390625, 21, 0, 7, 0.0080108642578125, 
32.046875, 2, 0, 7, 0.000762939453125, 
32.0546875, 63, 0, 7, 0.0240325927734375, 
32.0625, 78, 0, 7, 0.029754638671875, 
32.0703125, 11, 0, 7, 0.0041961669921875, 
32.078125, -37, 0, 7, -0.0141143798828125, 
32.0859375, 40, 0, 7, 0.0152587890625, 
32.09375, 120, 0, 7, 0.0457763671875, 
32.1015625, 25, 0, 7, 0.0095367431640625, 
32.109375, -134, 0, 7, -0.051116943359375, 
32.1171875, -186, 2, 7, -0.070953369140625, 
32.125, -157, 0, 7, -0.0598907470703125, 
32.1328125, -153, 0, 7, -0.0583648681640625, 
32.140625, -164, 0, 7, -0.06256103515625, 
32.1484375, -142, 0, 7, -0.054168701171875, 
32.15625, -128, 0, 7, -0.048828125, 
32.1640625, -118, 0, 7, -0.045013427734375, 
32.171875, -106, 0, 7, -0.040435791015625, 
32.1796875, -43, 0, 7, -0.0164031982421875, 
32.1875, 83, 0, 7, 0.0316619873046875, 
32.1953125, 155, 0, 7, 0.0591278076171875, 
32.203125, 116, 0, 7, 0.04425048828125, 
32.2109375, -66, 0, 7, -0.025177001953125, 
32.21875, -364, 0, 7, -0.13885498046875, 
32.2265625, -575, 0, 7, -0.219345092773438, 
32.234375, -565, 0, 7, -0.215530395507813, 
32.2421875, -410, 2, 7, -0.156402587890625, 
32.25, -275, 0, 7, -0.104904174804688, 
32.2578125, -197, 0, 7, -0.0751495361328125, 
32.265625, -127, 0, 7, -0.0484466552734375, 
32.2734375, -93, 0, 7, -0.0354766845703125, 
32.28125, -88, 0, 7, -0.0335693359375, 
32.2890625, -76, 0, 7, -0.02899169921875, 
32.296875, -62, 0, 7, -0.023651123046875, 
32.3046875, -92, 0, 7, -0.03509521484375, 
32.3125, -182, 0, 7, -0.069427490234375, 
32.3203125, -223, 0, 7, -0.0850677490234375, 
32.328125, -172, 0, 7, -0.06561279296875, 
32.3359375, -147, 0, 7, -0.0560760498046875, 
32.34375, -174, 0, 7, -0.066375732421875, 
32.3515625, -184, 0, 7, -0.0701904296875, 
32.359375, -138, 0, 7, -0.052642822265625, 
32.3671875, -56, 2, 7, -0.0213623046875, 
32.375, -34, 0, 7, -0.012969970703125, 
32.3828125, -72, 0, 7, -0.0274658203125, 
32.390625, -82, 0, 7, -0.031280517578125, 
32.3984375, -71, 0, 7, -0.0270843505859375, 
32.40625, -90, 0, 7, -0.034332275390625, 
32.4140625, -122, 0, 7, -0.046539306640625, 
32.421875, -94, 0, 7, -0.035858154296875, 
32.4296875, -28, 0, 7, -0.01068115234375, 
32.4375, 8, 0, 7, 0.0030517578125, 
32.4453125, 39, 0, 7, 0.0148773193359375, 
32.453125, 89, 0, 7, 0.0339508056640625, 
32.4609375, 118, 0, 7, 0.045013427734375, 
32.46875, 91, 0, 7, 0.0347137451171875, 
32.4765625, 32, 0, 7, 0.01220703125, 
32.484375, 40, 0, 7, 0.0152587890625, 
32.4921875, 60, 2, 7, 0.02288818359375, 
32.5, -30, 0, 7, -0.011444091796875, 
32.5078125, -178, 0, 7, -0.067901611328125, 
32.515625, -237, 0, 7, -0.0904083251953125, 
32.5234375, -241, 0, 7, -0.0919342041015625, 
32.53125, -312, 0, 7, -0.1190185546875, 
32.5390625, -479, 0, 7, -0.182723999023438, 
32.546875, -636, 0, 7, -0.24261474609375, 
32.5546875, -631, 0, 7, -0.240707397460938, 
32.5625, -527, 0, 7, -0.201034545898438, 
32.5703125, -492, 0, 7, -0.18768310546875, 
32.578125, -490, 0, 7, -0.186920166015625, 
32.5859375, -443, 0, 7, -0.168991088867188, 
32.59375, -403, 0, 7, -0.153732299804688, 
32.6015625, -402, 0, 7, -0.153350830078125, 
32.609375, -425, 0, 7, -0.162124633789063, 
32.6171875, -442, 2, 7, -0.168609619140625, 
32.625, -412, 0, 7, -0.15716552734375, 
32.6328125, -382, 0, 7, -0.145721435546875, 
32.640625, -434, 0, 7, -0.165557861328125, 
32.6484375, -483, 0, 7, -0.184249877929688, 
32.65625, -459, 0, 7, -0.175094604492188, 
32.6640625, -410, 0, 7, -0.156402587890625, 
32.671875, -351, 0, 7, -0.133895874023438, 
32.6796875, -283, 0, 7, -0.107955932617188, 
32.6875, -244, 0, 7, -0.09307861328125, 
32.6953125, -251, 0, 7, -0.0957489013671875, 
32.703125, -251, 0, 7, -0.0957489013671875, 
32.7109375, -267, 0, 7, -0.101852416992188, 
32.71875, -326, 0, 7, -0.124359130859375, 
32.7265625, -362, 0, 7, -0.138092041015625, 
32.734375, -369, 0, 7, -0.140762329101563, 
32.7421875, -413, 2, 7, -0.157546997070313, 
32.75, -461, 0, 7, -0.175857543945313, 
32.7578125, -432, 0, 7, -0.164794921875, 
32.765625, -370, 0, 7, -0.141143798828125, 
32.7734375, -336, 0, 7, -0.128173828125, 
32.78125, -377, 0, 7, -0.143814086914063, 
32.7890625, -457, 0, 7, -0.174331665039063, 
32.796875, -432, 0, 7, -0.164794921875, 
32.8046875, -320, 0, 7, -0.1220703125, 
32.8125, -268, 0, 7, -0.10223388671875, 
32.8203125, -309, 0, 7, -0.117874145507813, 
32.828125, -360, 0, 7, -0.1373291015625, 
32.8359375, -389, 0, 7, -0.148391723632813, 
32.84375, -357, 0, 7, -0.136184692382813, 
32.8515625, -260, 0, 7, -0.09918212890625, 
32.859375, -231, 0, 7, -0.0881195068359375, 
32.8671875, -260, 2, 7, -0.09918212890625, 
32.875, -247, 0, 7, -0.0942230224609375, 
32.8828125, -208, 0, 7, -0.079345703125, 
32.890625, -212, 0, 7, -0.08087158203125, 
32.8984375, -253, 0, 7, -0.0965118408203125, 
32.90625, -271, 0, 7, -0.103378295898438, 
32.9140625, -225, 0, 7, -0.0858306884765625, 
32.921875, -186, 0, 7, -0.070953369140625, 
32.9296875, -235, 0, 7, -0.0896453857421875, 
32.9375, -240, 0, 7, -0.091552734375, 
32.9453125, -148, 0, 7, -0.05645751953125, 
32.953125, -155, 0, 7, -0.0591278076171875, 
32.9609375, -257, 0, 7, -0.0980377197265625, 
32.96875, -268, 0, 7, -0.10223388671875, 
32.9765625, -198, 0, 7, -0.075531005859375, 
32.984375, -225, 0, 7, -0.0858306884765625, 
32.9921875, -324, 2, 7, -0.12359619140625, 
33, -273, 0, 7, -0.104141235351563, 
33.0078125, -95, 0, 7, -0.0362396240234375, 
33.015625, -1, 0, 7, -0.0003814697265625, 
33.0234375, -19, 0, 7, -0.0072479248046875, 
33.03125, 41, 0, 7, 0.0156402587890625, 
33.0390625, 152, 0, 7, 0.0579833984375, 
33.046875, 38, 0, 7, 0.014495849609375, 
33.0546875, -250, 0, 7, -0.095367431640625, 
33.0625, -423, 0, 7, -0.161361694335938, 
33.0703125, -417, 0, 7, -0.159072875976563, 
33.078125, -339, 0, 7, -0.129318237304688, 
33.0859375, -257, 0, 7, -0.0980377197265625, 
33.09375, -135, 0, 7, -0.0514984130859375, 
33.1015625, -27, 0, 7, -0.0102996826171875, 
33.109375, -25, 0, 7, -0.0095367431640625, 
33.1171875, -69, 2, 7, -0.0263214111328125, 
33.125, -60, 0, 7, -0.02288818359375, 
33.1328125, 11, 0, 7, 0.0041961669921875, 
33.140625, 51, 0, 7, 0.0194549560546875, 
33.1484375, -4, 0, 7, -0.00152587890625, 
33.15625, -86, 0, 7, -0.032806396484375, 
33.1640625, -108, 0, 7, -0.04119873046875, 
33.171875, -41, 0, 7, -0.0156402587890625, 
33.1796875, 27, 0, 7, 0.0102996826171875, 
33.1875, 22, 0, 7, 0.008392333984375, 
33.1953125, 14, 0, 7, 0.005340576171875, 
33.203125, 59, 0, 7, 0.0225067138671875, 
33.2109375, 78, 0, 7, 0.029754638671875, 
33.21875, 25, 0, 7, 0.0095367431640625, 
33.2265625, -5, 0, 7, -0.0019073486328125, 
33.234375, 40, 0, 7, 0.0152587890625, 
33.2421875, 79, 2, 7, 0.0301361083984375, 
33.25, 70, 0, 7, 0.026702880859375, 
33.2578125, 85, 0, 7, 0.0324249267578125, 
33.265625, 177, 0, 7, 0.0675201416015625, 
33.2734375, 235, 0, 7, 0.0896453857421875, 
33.28125, 170, 0, 7, 0.064849853515625, 
33.2890625, 116, 0, 7, 0.04425048828125, 
33.296875, 196, 0, 7, 0.07476806640625, 
33.3046875, 341, 0, 7, 0.130081176757813, 
33.3125, 392, 0, 7, 0.1495361328125, 
33.3203125, 353, 0, 7, 0.134658813476563, 
33.328125, 275, 0, 7, 0.104904174804688, 
33.3359375, 144, 0, 7, 0.054931640625, 
33.34375, 18, 0, 7, 0.006866455078125, 
33.3515625, -10, 0, 7, -0.003814697265625, 
33.359375, 60, 0, 7, 0.02288818359375, 
33.3671875, 52, 2, 7, 0.01983642578125, 
33.375, -129, 0, 7, -0.0492095947265625, 
33.3828125, -306, 0, 7, -0.116729736328125, 
33.390625, -311, 0, 7, -0.118637084960938, 
33.3984375, -173, 0, 7, -0.0659942626953125, 
33.40625, -78, 0, 7, -0.029754638671875, 
33.4140625, -126, 0, 7, -0.048065185546875, 
33.421875, -255, 0, 7, -0.0972747802734375, 
33.4296875, -366, 0, 7, -0.139617919921875, 
33.4375, -378, 0, 7, -0.144195556640625, 
33.4453125, -282, 0, 7, -0.107574462890625, 
33.453125, -197, 0, 7, -0.0751495361328125, 
33.4609375, -214, 0, 7, -0.081634521484375, 
33.46875, -200, 0, 7, -0.0762939453125, 
33.4765625, -129, 0, 7, -0.0492095947265625, 
33.484375, -120, 0, 7, -0.0457763671875, 
33.4921875, -161, 2, 7, -0.0614166259765625, 
33.5, -164, 0, 7, -0.06256103515625, 
33.5078125, -98, 0, 7, -0.037384033203125, 
33.515625, -48, 0, 7, -0.018310546875, 
33.5234375, -112, 0, 7, -0.042724609375, 
33.53125, -205, 0, 7, -0.0782012939453125, 
33.5390625, -175, 0, 7, -0.0667572021484375, 
33.546875, -63, 0, 7, -0.0240325927734375, 
33.5546875, -39, 0, 7, -0.0148773193359375, 
33.5625, -124, 0, 7, -0.04730224609375, 
33.5703125, -187, 0, 7, -0.0713348388671875, 
33.578125, -170, 0, 7, -0.064849853515625, 
33.5859375, -85, 0, 7, -0.0324249267578125, 
33.59375, -37, 0, 7, -0.0141143798828125, 
33.6015625, -61, 0, 7, -0.0232696533203125, 
33.609375, -60, 0, 7, -0.02288818359375, 
33.6171875, -38, 2, 7, -0.014495849609375, 
33.625, -29, 0, 7, -0.0110626220703125, 
33.6328125, -35, 0, 7, -0.0133514404296875, 
33.640625, -52, 0, 7, -0.01983642578125, 
33.6484375, -44, 0, 7, -0.01678466796875, 
33.65625, -1, 0, 7, -0.0003814697265625, 
33.6640625, 37, 0, 7, 0.0141143798828125, 
33.671875, 13, 0, 7, 0.0049591064453125, 
33.6796875, -77, 0, 7, -0.0293731689453125, 
33.6875, -140, 0, 7, -0.05340576171875, 
33.6953125, -139, 0, 7, -0.0530242919921875, 
33.703125, -98, 0, 7, -0.037384033203125, 
33.7109375, -47, 0, 7, -0.0179290771484375, 
33.71875, 15, 0, 7, 0.0057220458984375, 
33.7265625, 48, 0, 7, 0.018310546875, 
33.734375, -26, 0, 7, -0.009918212890625, 
33.7421875, -152, 2, 7, -0.0579833984375, 
33.75, -149, 0, 7, -0.0568389892578125, 
33.7578125, -41, 0, 7, -0.0156402587890625, 
33.765625, 2, 0, 7, 0.000762939453125, 
33.7734375, -36, 0, 7, -0.01373291015625, 
33.78125, -59, 0, 7, -0.0225067138671875, 
33.7890625, -48, 0, 7, -0.018310546875, 
33.796875, -13, 0, 7, -0.0049591064453125, 
33.8046875, 29, 0, 7, 0.0110626220703125, 
33.8125, 86, 0, 7, 0.032806396484375, 
33.8203125, 117, 0, 7, 0.0446319580078125, 
33.828125, 72, 0, 7, 0.0274658203125, 
33.8359375, -41, 0, 7, -0.0156402587890625, 
33.84375, -107, 0, 7, -0.0408172607421875, 
33.8515625, -77, 0, 7, -0.0293731689453125, 
33.859375, -23, 0, 7, -0.0087738037109375, 
33.8671875, 30, 2, 7, 0.011444091796875, 
33.875, 53, 0, 7, 0.0202178955078125, 
33.8828125, 20, 0, 7, 0.00762939453125, 
33.890625, -24, 0, 7, -0.0091552734375, 
33.8984375, -56, 0, 7, -0.0213623046875, 
33.90625, -7, 0, 7, -0.0026702880859375, 
33.9140625, 180, 0, 7, 0.06866455078125, 
33.921875, 397, 0, 7, 0.151443481445313, 
33.9296875, 399, 0, 7, 0.152206420898438, 
33.9375, 102, 0, 7, 0.038909912109375, 
33.9453125, -255, 0, 7, -0.0972747802734375, 
33.953125, -419, 0, 7, -0.159835815429688, 
33.9609375, -303, 0, 7, -0.115585327148438, 
33.96875, -71, 0, 7, -0.0270843505859375, 
33.9765625, 45, 0, 7, 0.0171661376953125, 
33.984375, 23, 0, 7, 0.0087738037109375, 
33.9921875, -42, 2, 7, -0.016021728515625, 
34, -77, 0, 7, -0.0293731689453125, 
34.0078125, -18, 0, 7, -0.006866455078125, 
34.015625, 134, 0, 7, 0.051116943359375, 
34.0234375, 207, 0, 7, 0.0789642333984375, 
34.03125, 102, 0, 7, 0.038909912109375, 
34.0390625, -6, 0, 7, -0.002288818359375, 
34.046875, 13, 0, 7, 0.0049591064453125, 
34.0546875, 134, 0, 7, 0.051116943359375, 
34.0625, 206, 0, 7, 0.078582763671875, 
34.0703125, 133, 0, 7, 0.0507354736328125, 
34.078125, 60, 0, 7, 0.02288818359375, 
34.0859375, 97, 0, 7, 0.0370025634765625, 
34.09375, 130, 0, 7, 0.049591064453125, 
34.1015625, 112, 0, 7, 0.042724609375, 
34.109375, 145, 0, 7, 0.0553131103515625, 
34.1171875, 204, 2, 7, 0.07781982421875, 
34.125, 166, 0, 7, 0.063323974609375, 
34.1328125, 94, 0, 7, 0.035858154296875, 
34.140625, 125, 0, 7, 0.0476837158203125, 
34.1484375, 255, 0, 7, 0.0972747802734375, 
34.15625, 365, 0, 7, 0.139236450195313, 
34.1640625, 355, 0, 7, 0.135421752929688, 
34.171875, 305, 0, 7, 0.116348266601563, 
34.1796875, 337, 0, 7, 0.128555297851563, 
34.1875, 412, 0, 7, 0.15716552734375, 
34.1953125, 433, 0, 7, 0.165176391601563, 
34.203125, 404, 0, 7, 0.15411376953125, 
34.2109375, 374, 0, 7, 0.142669677734375, 
34.21875, 349, 0, 7, 0.133132934570313, 
34.2265625, 327, 0, 7, 0.124740600585938, 
34.234375, 238, 0, 7, 0.090789794921875, 
34.2421875, 57, 2, 7, 0.0217437744140625, 
34.25, -130, 0, 7, -0.049591064453125, 
34.2578125, -224, 0, 7, -0.08544921875, 
34.265625, -223, 0, 7, -0.0850677490234375, 
34.2734375, -217, 0, 7, -0.0827789306640625, 
34.28125, -259, 0, 7, -0.0988006591796875, 
34.2890625, -291, 0, 7, -0.111007690429688, 
34.296875, -276, 0, 7, -0.10528564453125, 
34.3046875, -255, 0, 7, -0.0972747802734375, 
34.3125, -272, 0, 7, -0.103759765625, 
34.3203125, -296, 0, 7, -0.1129150390625, 
34.328125, -302, 0, 7, -0.115203857421875, 
34.3359375, -295, 0, 7, -0.112533569335938, 
34.34375, -288, 0, 7, -0.10986328125, 
34.3515625, -271, 0, 7, -0.103378295898438, 
34.359375, -252, 0, 7, -0.09613037109375, 
34.3671875, -215, 2, 7, -0.0820159912109375, 
34.375, -167, 0, 7, -0.0637054443359375, 
34.3828125, -169, 0, 7, -0.0644683837890625, 
34.390625, -216, 0, 7, -0.0823974609375, 
34.3984375, -239, 0, 7, -0.0911712646484375, 
34.40625, -208, 0, 7, -0.079345703125, 
34.4140625, -145, 0, 7, -0.0553131103515625, 
34.421875, -122, 0, 7, -0.046539306640625, 
34.4296875, -164, 0, 7, -0.06256103515625, 
34.4375, -207, 0, 7, -0.0789642333984375, 
34.4453125, -199, 0, 7, -0.0759124755859375, 
34.453125, -149, 0, 7, -0.0568389892578125, 
34.4609375, -89, 0, 7, -0.0339508056640625, 
34.46875, -59, 0, 7, -0.0225067138671875, 
34.4765625, -111, 0, 7, -0.0423431396484375, 
34.484375, -199, 0, 7, -0.0759124755859375, 
34.4921875, -193, 2, 7, -0.0736236572265625, 
34.5, -98, 0, 7, -0.037384033203125, 
34.5078125, -42, 0, 7, -0.016021728515625, 
34.515625, -137, 0, 7, -0.0522613525390625, 
34.5234375, -281, 0, 7, -0.107192993164063, 
34.53125, -241, 0, 7, -0.0919342041015625, 
34.5390625, -52, 0, 7, -0.01983642578125, 
34.546875, -4, 0, 7, -0.00152587890625, 
34.5546875, -169, 0, 7, -0.0644683837890625, 
34.5625, -296, 0, 7, -0.1129150390625, 
34.5703125, -214, 0, 7, -0.081634521484375, 
34.578125, -74, 0, 7, -0.028228759765625, 
34.5859375, -50, 0, 7, -0.019073486328125, 
34.59375, -93, 0, 7, -0.0354766845703125, 
34.6015625, -86, 0, 7, -0.032806396484375, 
34.609375, -27, 0, 7, -0.0102996826171875, 
34.6171875, -22, 2, 7, -0.008392333984375, 
34.625, -88, 0, 7, -0.0335693359375, 
34.6328125, -112, 0, 7, -0.042724609375, 
34.640625, -66, 0, 7, -0.025177001953125, 
34.6484375, -44, 0, 7, -0.01678466796875, 
34.65625, -43, 0, 7, -0.0164031982421875, 
34.6640625, -56, 0, 7, -0.0213623046875, 
34.671875, -42, 0, 7, -0.016021728515625, 
34.6796875, 45, 0, 7, 0.0171661376953125, 
34.6875, 145, 0, 7, 0.0553131103515625, 
34.6953125, 140, 0, 7, 0.05340576171875, 
34.703125, 51, 0, 7, 0.0194549560546875, 
34.7109375, -15, 0, 7, -0.0057220458984375, 
34.71875, 1, 0, 7, 0.0003814697265625, 
34.7265625, 23, 0, 7, 0.0087738037109375, 
34.734375, -17, 0, 7, -0.0064849853515625, 
34.7421875, -95, 2, 7, -0.0362396240234375, 
34.75, -107, 0, 7, -0.0408172607421875, 
34.7578125, -41, 0, 7, -0.0156402587890625, 
34.765625, -4, 0, 7, -0.00152587890625, 
34.7734375, -56, 0, 7, -0.0213623046875, 
34.78125, -93, 0, 7, -0.0354766845703125, 
34.7890625, 50, 0, 7, 0.019073486328125, 
34.796875, 296, 0, 7, 0.1129150390625, 
34.8046875, 331, 0, 7, 0.126266479492188, 
34.8125, 34, 0, 7, 0.012969970703125, 
34.8203125, -363, 0, 7, -0.138473510742188, 
34.828125, -496, 0, 7, -0.189208984375, 
34.8359375, -308, 0, 7, -0.11749267578125, 
34.84375, -95, 0, 7, -0.0362396240234375, 
34.8515625, -56, 0, 7, -0.0213623046875, 
34.859375, -110, 0, 7, -0.041961669921875, 
34.8671875, -110, 2, 7, -0.041961669921875, 
34.875, -26, 0, 7, -0.009918212890625, 
34.8828125, 54, 0, 7, 0.020599365234375, 
34.890625, 50, 0, 7, 0.019073486328125, 
34.8984375, -26, 0, 7, -0.009918212890625, 
34.90625, -80, 0, 7, -0.030517578125, 
34.9140625, -71, 0, 7, -0.0270843505859375, 
34.921875, -45, 0, 7, -0.0171661376953125, 
34.9296875, 13, 0, 7, 0.0049591064453125, 
34.9375, 70, 0, 7, 0.026702880859375, 
34.9453125, 67, 0, 7, 0.0255584716796875, 
34.953125, -2, 0, 7, -0.000762939453125, 
34.9609375, -43, 0, 7, -0.0164031982421875, 
34.96875, 6, 0, 7, 0.002288818359375, 
34.9765625, 96, 0, 7, 0.03662109375, 
34.984375, 129, 0, 7, 0.0492095947265625, 
34.9921875, 76, 2, 7, 0.02899169921875, 
35, 18, 0, 7, 0.006866455078125, 
35.0078125, -12, 0, 7, -0.00457763671875, 
35.015625, -6, 0, 7, -0.002288818359375, 
35.0234375, 60, 0, 7, 0.02288818359375, 
35.03125, 120, 0, 7, 0.0457763671875, 
35.0390625, 142, 0, 7, 0.054168701171875, 
35.046875, 169, 0, 7, 0.0644683837890625, 
35.0546875, 223, 0, 7, 0.0850677490234375, 
35.0625, 260, 0, 7, 0.09918212890625, 
35.0703125, 236, 0, 7, 0.09002685546875, 
35.078125, 173, 0, 7, 0.0659942626953125, 
35.0859375, 186, 0, 7, 0.070953369140625, 
35.09375, 254, 0, 7, 0.096893310546875, 
35.1015625, 263, 0, 7, 0.100326538085938, 
35.109375, 174, 0, 7, 0.066375732421875, 
35.1171875, 24, 2, 7, 0.0091552734375, 
35.125, -136, 0, 7, -0.0518798828125, 
35.1328125, -196, 0, 7, -0.07476806640625, 
35.140625, -183, 0, 7, -0.0698089599609375, 
35.1484375, -237, 0, 7, -0.0904083251953125, 
35.15625, -316, 0, 7, -0.12054443359375, 
35.1640625, -310, 0, 7, -0.118255615234375, 
35.171875, -280, 0, 7, -0.1068115234375, 
35.1796875, -287, 0, 7, -0.109481811523438, 
35.1875, -318, 0, 7, -0.121307373046875, 
35.1953125, -304, 0, 7, -0.115966796875, 
35.203125, -223, 0, 7, -0.0850677490234375, 
35.2109375, -170, 0, 7, -0.064849853515625, 
35.21875, -207, 0, 7, -0.0789642333984375, 
35.2265625, -281, 0, 7, -0.107192993164063, 
35.234375, -310, 0, 7, -0.118255615234375, 
35.2421875, -281, 2, 7, -0.107192993164063, 
35.25, -207, 0, 7, -0.0789642333984375, 
35.2578125, -103, 0, 7, -0.0392913818359375, 
35.265625, -114, 0, 7, -0.043487548828125, 
35.2734375, -254, 0, 7, -0.096893310546875, 
35.28125, -317, 0, 7, -0.120925903320313, 
35.2890625, -218, 0, 7, -0.083160400390625, 
35.296875, -99, 0, 7, -0.0377655029296875, 
35.3046875, -121, 0, 7, -0.0461578369140625, 
35.3125, -236, 0, 7, -0.09002685546875, 
35.3203125, -263, 0, 7, -0.100326538085938, 
35.328125, -142, 0, 7, -0.054168701171875, 
35.3359375, -4, 0, 7, -0.00152587890625, 
35.34375, -29, 0, 7, -0.0110626220703125, 
35.3515625, -201, 0, 7, -0.0766754150390625, 
35.359375, -329, 0, 7, -0.125503540039063, 
35.3671875, -280, 2, 7, -0.1068115234375, 
35.375, -135, 0, 7, -0.0514984130859375, 
35.3828125, -68, 0, 7, -0.02593994140625, 
35.390625, -138, 0, 7, -0.052642822265625, 
35.3984375, -213, 0, 7, -0.0812530517578125, 
35.40625, -181, 0, 7, -0.0690460205078125, 
35.4140625, -77, 0, 7, -0.0293731689453125, 
35.421875, -27, 0, 7, -0.0102996826171875, 
35.4296875, -71, 0, 7, -0.0270843505859375, 
35.4375, -143, 0, 7, -0.0545501708984375, 
35.4453125, -189, 0, 7, -0.0720977783203125, 
35.453125, -146, 0, 7, -0.055694580078125, 
35.4609375, -44, 0, 7, -0.01678466796875, 
35.46875, -51, 0, 7, -0.0194549560546875, 
35.4765625, -136, 0, 7, -0.0518798828125, 
35.484375, -116, 0, 7, -0.04425048828125, 
35.4921875, 16, 2, 7, 0.006103515625, 
35.5, 109, 0, 7, 0.0415802001953125, 
35.5078125, 56, 0, 7, 0.0213623046875, 
35.515625, -112, 0, 7, -0.042724609375, 
35.5234375, -174, 0, 7, -0.066375732421875, 
35.53125, -97, 0, 7, -0.0370025634765625, 
35.5390625, -74, 0, 7, -0.028228759765625, 
35.546875, -160, 0, 7, -0.06103515625, 
35.5546875, -258, 0, 7, -0.098419189453125, 
35.5625, -272, 0, 7, -0.103759765625, 
35.5703125, -156, 0, 7, -0.05950927734375, 
35.578125, -44, 0, 7, -0.01678466796875, 
35.5859375, -26, 0, 7, -0.009918212890625, 
35.59375, 17, 0, 7, 0.0064849853515625, 
35.6015625, 153, 0, 7, 0.0583648681640625, 
35.609375, 212, 0, 7, 0.08087158203125, 
35.6171875, 37, 2, 7, 0.0141143798828125, 
35.625, -277, 0, 7, -0.105667114257813, 
35.6328125, -486, 0, 7, -0.185394287109375, 
35.640625, -427, 0, 7, -0.162887573242188, 
35.6484375, -219, 0, 7, -0.0835418701171875, 
35.65625, -75, 0, 7, -0.0286102294921875, 
35.6640625, -59, 0, 7, -0.0225067138671875, 
35.671875, -107, 0, 7, -0.0408172607421875, 
35.6796875, -99, 0, 7, -0.0377655029296875, 
35.6875, -23, 0, 7, -0.0087738037109375, 
35.6953125, 4, 0, 7, 0.00152587890625, 
35.703125, 7, 0, 7, 0.0026702880859375, 
35.7109375, 61, 0, 7, 0.0232696533203125, 
35.71875, 94, 0, 7, 0.035858154296875, 
35.7265625, 54, 0, 7, 0.020599365234375, 
35.734375, -12, 0, 7, -0.00457763671875, 
35.7421875, -26, 2, 7, -0.009918212890625, 
35.75, 66, 0, 7, 0.025177001953125, 
35.7578125, 143, 0, 7, 0.0545501708984375, 
35.765625, 89, 0, 7, 0.0339508056640625, 
35.7734375, 13, 0, 7, 0.0049591064453125, 
35.78125, 19, 0, 7, 0.0072479248046875, 
35.7890625, 73, 0, 7, 0.0278472900390625, 
35.796875, 102, 0, 7, 0.038909912109375, 
35.8046875, 88, 0, 7, 0.0335693359375, 
35.8125, 58, 0, 7, 0.022125244140625, 
35.8203125, 103, 0, 7, 0.0392913818359375, 
35.828125, 198, 0, 7, 0.075531005859375, 
35.8359375, 237, 0, 7, 0.0904083251953125, 
35.84375, 240, 0, 7, 0.091552734375, 
35.8515625, 258, 0, 7, 0.098419189453125, 
35.859375, 258, 0, 7, 0.098419189453125, 
35.8671875, 242, 2, 7, 0.092315673828125, 
35.875, 267, 0, 7, 0.101852416992188, 
35.8828125, 334, 0, 7, 0.127410888671875, 
35.890625, 355, 0, 7, 0.135421752929688, 
35.8984375, 301, 0, 7, 0.114822387695313, 
35.90625, 199, 0, 7, 0.0759124755859375, 
35.9140625, 100, 0, 7, 0.03814697265625, 
35.921875, 39, 0, 7, 0.0148773193359375, 
35.9296875, -7, 0, 7, -0.0026702880859375, 
35.9375, -64, 0, 7, -0.0244140625, 
35.9453125, -99, 0, 7, -0.0377655029296875, 
35.953125, -150, 0, 7, -0.057220458984375, 
35.9609375, -202, 0, 7, -0.077056884765625, 
35.96875, -201, 0, 7, -0.0766754150390625, 
35.9765625, -162, 0, 7, -0.061798095703125, 
35.984375, -129, 0, 7, -0.0492095947265625, 
35.9921875, -141, 2, 7, -0.0537872314453125, 
36, -168, 0, 7, -0.0640869140625, 
36.0078125, -195, 0, 7, -0.0743865966796875, 
36.015625, -231, 0, 7, -0.0881195068359375, 
36.0234375, -209, 0, 7, -0.0797271728515625, 
36.03125, -140, 0, 7, -0.05340576171875, 
36.0390625, -123, 0, 7, -0.0469207763671875, 
36.046875, -143, 0, 7, -0.0545501708984375, 
36.0546875, -116, 0, 7, -0.04425048828125, 
36.0625, -37, 0, 7, -0.0141143798828125, 
36.0703125, -8, 0, 7, -0.0030517578125, 
36.078125, -78, 0, 7, -0.029754638671875, 
36.0859375, -160, 0, 7, -0.06103515625, 
36.09375, -160, 0, 7, -0.06103515625, 
36.1015625, -105, 0, 7, -0.0400543212890625, 
36.109375, -101, 0, 7, -0.0385284423828125, 
36.1171875, -76, 2, 7, -0.02899169921875, 
36.125, -9, 0, 7, -0.0034332275390625, 
36.1328125, 3, 0, 7, 0.0011444091796875, 
36.140625, -28, 0, 7, -0.01068115234375, 
36.1484375, -50, 0, 7, -0.019073486328125, 
36.15625, -90, 0, 7, -0.034332275390625, 
36.1640625, -144, 0, 7, -0.054931640625, 
36.171875, -162, 0, 7, -0.061798095703125, 
36.1796875, -117, 0, 7, -0.0446319580078125, 
36.1875, -84, 0, 7, -0.03204345703125, 
36.1953125, -145, 0, 7, -0.0553131103515625, 
36.203125, -184, 0, 7, -0.0701904296875, 
36.2109375, -62, 0, 7, -0.023651123046875, 
36.21875, 76, 0, 7, 0.02899169921875, 
36.2265625, 55, 0, 7, 0.0209808349609375, 
36.234375, -68, 0, 7, -0.02593994140625, 
36.2421875, -193, 2, 7, -0.0736236572265625, 
36.25, -202, 0, 7, -0.077056884765625, 
36.2578125, -76, 0, 7, -0.02899169921875, 
36.265625, -9, 0, 7, -0.0034332275390625, 
36.2734375, -77, 0, 7, -0.0293731689453125, 
36.28125, -141, 0, 7, -0.0537872314453125, 
36.2890625, -105, 0, 7, -0.0400543212890625, 
36.296875, -34, 0, 7, -0.012969970703125, 
36.3046875, -51, 0, 7, -0.0194549560546875, 
36.3125, -152, 0, 7, -0.0579833984375, 
36.3203125, -205, 0, 7, -0.0782012939453125, 
36.328125, -130, 0, 7, -0.049591064453125, 
36.3359375, -81, 0, 7, -0.0308990478515625, 
36.34375, -106, 0, 7, -0.040435791015625, 
36.3515625, -70, 0, 7, -0.026702880859375, 
36.359375, 37, 0, 7, 0.0141143798828125, 
36.3671875, 86, 2, 7, 0.032806396484375, 
36.375, 11, 0, 7, 0.0041961669921875, 
36.3828125, -94, 0, 7, -0.035858154296875, 
36.390625, -141, 0, 7, -0.0537872314453125, 
36.3984375, -143, 0, 7, -0.0545501708984375, 
36.40625, -137, 0, 7, -0.0522613525390625, 
36.4140625, -181, 0, 7, -0.0690460205078125, 
36.421875, -184, 0, 7, -0.0701904296875, 
36.4296875, -145, 0, 7, -0.0553131103515625, 
36.4375, -170, 0, 7, -0.064849853515625, 
36.4453125, -153, 0, 7, -0.0583648681640625, 
36.453125, 6, 0, 7, 0.002288818359375, 
36.4609375, 213, 0, 7, 0.0812530517578125, 
36.46875, 201, 0, 7, 0.0766754150390625, 
36.4765625, -103, 0, 7, -0.0392913818359375, 
36.484375, -387, 0, 7, -0.147628784179688, 
36.4921875, -438, 2, 7, -0.167083740234375, 
36.5, -330, 0, 7, -0.125885009765625, 
36.5078125, -261, 0, 7, -0.0995635986328125, 
36.515625, -277, 0, 7, -0.105667114257813, 
36.5234375, -252, 0, 7, -0.09613037109375, 
36.53125, -204, 0, 7, -0.07781982421875, 
36.5390625, -169, 0, 7, -0.0644683837890625, 
36.546875, -101, 0, 7, -0.0385284423828125, 
36.5546875, -9, 0, 7, -0.0034332275390625, 
36.5625, 19, 0, 7, 0.0072479248046875, 
36.5703125, -37, 0, 7, -0.0141143798828125, 
36.578125, -61, 0, 7, -0.0232696533203125, 
36.5859375, -39, 0, 7, -0.0148773193359375, 
36.59375, -46, 0, 7, -0.017547607421875, 
36.6015625, -63, 0, 7, -0.0240325927734375, 
36.609375, -43, 0, 7, -0.0164031982421875, 
36.6171875, -19, 2, 7, -0.0072479248046875, 
36.625, -62, 0, 7, -0.023651123046875, 
36.6328125, -153, 0, 7, -0.0583648681640625, 
36.640625, -169, 0, 7, -0.0644683837890625, 
36.6484375, -61, 0, 7, -0.0232696533203125, 
36.65625, 42, 0, 7, 0.016021728515625, 
36.6640625, 58, 0, 7, 0.022125244140625, 
36.671875, 16, 0, 7, 0.006103515625, 
36.6796875, -9, 0, 7, -0.0034332275390625, 
36.6875, 55, 0, 7, 0.0209808349609375, 
36.6953125, 182, 0, 7, 0.069427490234375, 
36.703125, 222, 0, 7, 0.084686279296875, 
36.7109375, 122, 0, 7, 0.046539306640625, 
36.71875, 14, 0, 7, 0.005340576171875, 
36.7265625, 46, 0, 7, 0.017547607421875, 
36.734375, 183, 0, 7, 0.0698089599609375, 
36.7421875, 262, 2, 7, 0.099945068359375, 
36.75, 211, 0, 7, 0.0804901123046875, 
36.7578125, 114, 0, 7, 0.043487548828125, 
36.765625, 49, 0, 7, 0.0186920166015625, 
36.7734375, 13, 0, 7, 0.0049591064453125, 
36.78125, -9, 0, 7, -0.0034332275390625, 
36.7890625, -46, 0, 7, -0.017547607421875, 
36.796875, -105, 0, 7, -0.0400543212890625, 
36.8046875, -179, 0, 7, -0.0682830810546875, 
36.8125, -292, 0, 7, -0.11138916015625, 
36.8203125, -412, 0, 7, -0.15716552734375, 
36.828125, -423, 0, 7, -0.161361694335938, 
36.8359375, -341, 0, 7, -0.130081176757813, 
36.84375, -297, 0, 7, -0.113296508789063, 
36.8515625, -325, 0, 7, -0.123977661132813, 
36.859375, -391, 0, 7, -0.149154663085938, 
36.8671875, -380, 2, 7, -0.14495849609375, 
36.875, -277, 0, 7, -0.105667114257813, 
36.8828125, -195, 0, 7, -0.0743865966796875, 
36.890625, -191, 0, 7, -0.0728607177734375, 
36.8984375, -229, 0, 7, -0.0873565673828125, 
36.90625, -236, 0, 7, -0.09002685546875, 
36.9140625, -180, 0, 7, -0.06866455078125, 
36.921875, -116, 0, 7, -0.04425048828125, 
36.9296875, -103, 0, 7, -0.0392913818359375, 
36.9375, -149, 0, 7, -0.0568389892578125, 
36.9453125, -158, 0, 7, -0.060272216796875, 
36.953125, -136, 0, 7, -0.0518798828125, 
36.9609375, -136, 0, 7, -0.0518798828125, 
36.96875, -155, 0, 7, -0.0591278076171875, 
36.9765625, -162, 0, 7, -0.061798095703125, 
36.984375, -151, 0, 7, -0.0576019287109375, 
36.9921875, -153, 2, 7, -0.0583648681640625, 
37, -161, 0, 7, -0.0614166259765625, 
37.0078125, -132, 0, 7, -0.05035400390625, 
37.015625, -68, 0, 7, -0.02593994140625, 
37.0234375, -46, 0, 7, -0.017547607421875, 
37.03125, -108, 0, 7, -0.04119873046875, 
37.0390625, -177, 0, 7, -0.0675201416015625, 
37.046875, -188, 0, 7, -0.07171630859375, 
37.0546875, -130, 0, 7, -0.049591064453125, 
37.0625, -97, 0, 7, -0.0370025634765625, 
37.0703125, -115, 0, 7, -0.0438690185546875, 
37.078125, -110, 0, 7, -0.041961669921875, 
37.0859375, -76, 0, 7, -0.02899169921875, 
37.09375, -81, 0, 7, -0.0308990478515625, 
37.1015625, -142, 0, 7, -0.054168701171875, 
37.109375, -169, 0, 7, -0.0644683837890625, 
37.1171875, -151, 2, 7, -0.0576019287109375, 
37.125, -113, 0, 7, -0.0431060791015625, 
37.1328125, -70, 0, 7, -0.026702880859375, 
37.140625, -78, 0, 7, -0.029754638671875, 
37.1484375, -150, 0, 7, -0.057220458984375, 
37.15625, -241, 0, 7, -0.0919342041015625, 
37.1640625, -236, 0, 7, -0.09002685546875, 
37.171875, -96, 0, 7, -0.03662109375, 
37.1796875, 9, 0, 7, 0.0034332275390625, 
37.1875, -14, 0, 7, -0.005340576171875, 
37.1953125, -74, 0, 7, -0.028228759765625, 
37.203125, -40, 0, 7, -0.0152587890625, 
37.2109375, 17, 0, 7, 0.0064849853515625, 
37.21875, -11, 0, 7, -0.0041961669921875, 
37.2265625, -77, 0, 7, -0.0293731689453125, 
37.234375, -103, 0, 7, -0.0392913818359375, 
37.2421875, -95, 2, 7, -0.0362396240234375, 
37.25, -170, 0, 7, -0.064849853515625, 
37.2578125, -289, 0, 7, -0.110244750976563, 
37.265625, -311, 0, 7, -0.118637084960938, 
37.2734375, -216, 0, 7, -0.0823974609375, 
37.28125, -57, 0, 7, -0.0217437744140625, 
37.2890625, -5, 0, 7, -0.0019073486328125, 
37.296875, -77, 0, 7, -0.0293731689453125, 
37.3046875, -61, 0, 7, -0.0232696533203125, 
37.3125, 139, 0, 7, 0.0530242919921875, 
37.3203125, 286, 0, 7, 0.109100341796875, 
37.328125, 92, 0, 7, 0.03509521484375, 
37.3359375, -311, 0, 7, -0.118637084960938, 
37.34375, -536, 0, 7, -0.2044677734375, 
37.3515625, -467, 0, 7, -0.178146362304688, 
37.359375, -322, 0, 7, -0.122833251953125, 
37.3671875, -310, 2, 7, -0.118255615234375, 
37.375, -291, 0, 7, -0.111007690429688, 
37.3828125, -119, 0, 7, -0.0453948974609375, 
37.390625, 24, 0, 7, 0.0091552734375, 
37.3984375, 17, 0, 7, 0.0064849853515625, 
37.40625, -55, 0, 7, -0.0209808349609375, 
37.4140625, -52, 0, 7, -0.01983642578125, 
37.421875, -27, 0, 7, -0.0102996826171875, 
37.4296875, -75, 0, 7, -0.0286102294921875, 
37.4375, -127, 0, 7, -0.0484466552734375, 
37.4453125, -132, 0, 7, -0.05035400390625, 
37.453125, -91, 0, 7, -0.0347137451171875, 
37.4609375, -73, 0, 7, -0.0278472900390625, 
37.46875, -95, 0, 7, -0.0362396240234375, 
37.4765625, -89, 0, 7, -0.0339508056640625, 
37.484375, -71, 0, 7, -0.0270843505859375, 
37.4921875, -28, 2, 7, -0.01068115234375, 
37.5, 34, 0, 7, 0.012969970703125, 
37.5078125, 2, 0, 7, 0.000762939453125, 
37.515625, -111, 0, 7, -0.0423431396484375, 
37.5234375, -143, 0, 7, -0.0545501708984375, 
37.53125, -26, 0, 7, -0.009918212890625, 
37.5390625, 120, 0, 7, 0.0457763671875, 
37.546875, 111, 0, 7, 0.0423431396484375, 
37.5546875, 17, 0, 7, 0.0064849853515625, 
37.5625, 25, 0, 7, 0.0095367431640625, 
37.5703125, 160, 0, 7, 0.06103515625, 
37.578125, 253, 0, 7, 0.0965118408203125, 
37.5859375, 184, 0, 7, 0.0701904296875, 
37.59375, 107, 0, 7, 0.0408172607421875, 
37.6015625, 104, 0, 7, 0.0396728515625, 
37.609375, 118, 0, 7, 0.045013427734375, 
37.6171875, 139, 2, 7, 0.0530242919921875, 
37.625, 106, 0, 7, 0.040435791015625, 
37.6328125, 28, 0, 7, 0.01068115234375, 
37.640625, -78, 0, 7, -0.029754638671875, 
37.6484375, -241, 0, 7, -0.0919342041015625, 
37.65625, -371, 0, 7, -0.141525268554688, 
37.6640625, -373, 0, 7, -0.142288208007813, 
37.671875, -289, 0, 7, -0.110244750976563, 
37.6796875, -284, 0, 7, -0.10833740234375, 
37.6875, -374, 0, 7, -0.142669677734375, 
37.6953125, -409, 0, 7, -0.156021118164063, 
37.703125, -366, 0, 7, -0.139617919921875, 
37.7109375, -309, 0, 7, -0.117874145507813, 
37.71875, -328, 0, 7, -0.1251220703125, 
37.7265625, -355, 0, 7, -0.135421752929688, 
37.734375, -303, 0, 7, -0.115585327148438, 
37.7421875, -227, 2, 7, -0.0865936279296875, 
37.75, -242, 0, 7, -0.092315673828125, 
37.7578125, -314, 0, 7, -0.119781494140625, 
37.765625, -312, 0, 7, -0.1190185546875, 
37.7734375, -217, 0, 7, -0.0827789306640625, 
37.78125, -162, 0, 7, -0.061798095703125, 
37.7890625, -169, 0, 7, -0.0644683837890625, 
37.796875, -163, 0, 7, -0.0621795654296875, 
37.8046875, -149, 0, 7, -0.0568389892578125, 
37.8125, -160, 0, 7, -0.06103515625, 
37.8203125, -187, 0, 7, -0.0713348388671875, 
37.828125, -194, 0, 7, -0.074005126953125, 
37.8359375, -178, 0, 7, -0.067901611328125, 
37.84375, -169, 0, 7, -0.0644683837890625, 
37.8515625, -201, 0, 7, -0.0766754150390625, 
37.859375, -200, 0, 7, -0.0762939453125, 
37.8671875, -133, 2, 7, -0.0507354736328125, 
37.875, -114, 0, 7, -0.043487548828125, 
37.8828125, -128, 0, 7, -0.048828125, 
37.890625, -114, 0, 7, -0.043487548828125, 
37.8984375, -92, 0, 7, -0.03509521484375, 
37.90625, -93, 0, 7, -0.0354766845703125, 
37.9140625, -176, 0, 7, -0.067138671875, 
37.921875, -256, 0, 7, -0.09765625, 
37.9296875, -212, 0, 7, -0.08087158203125, 
37.9375, -103, 0, 7, -0.0392913818359375, 
37.9453125, -97, 0, 7, -0.0370025634765625, 
37.953125, -217, 0, 7, -0.0827789306640625, 
37.9609375, -280, 0, 7, -0.1068115234375, 
37.96875, -228, 0, 7, -0.08697509765625, 
37.9765625, -135, 0, 7, -0.0514984130859375, 
37.984375, -143, 0, 7, -0.0545501708984375, 
37.9921875, -209, 2, 7, -0.0797271728515625, 
38, -188, 0, 7, -0.07171630859375, 
38.0078125, -138, 0, 7, -0.052642822265625, 
38.015625, -130, 0, 7, -0.049591064453125, 
38.0234375, -138, 0, 7, -0.052642822265625, 
38.03125, -161, 0, 7, -0.0614166259765625, 
38.0390625, -202, 0, 7, -0.077056884765625, 
38.046875, -217, 0, 7, -0.0827789306640625, 
38.0546875, -138, 0, 7, -0.052642822265625, 
38.0625, -18, 0, 7, -0.006866455078125, 
38.0703125, 42, 0, 7, 0.016021728515625, 
38.078125, -24, 0, 7, -0.0091552734375, 
38.0859375, -125, 0, 7, -0.0476837158203125, 
38.09375, -140, 0, 7, -0.05340576171875, 
38.1015625, -113, 0, 7, -0.0431060791015625, 
38.109375, -128, 0, 7, -0.048828125, 
38.1171875, -189, 2, 7, -0.0720977783203125, 
38.125, -213, 0, 7, -0.0812530517578125, 
38.1328125, -165, 0, 7, -0.0629425048828125, 
38.140625, -130, 0, 7, -0.049591064453125, 
38.1484375, -139, 0, 7, -0.0530242919921875, 
38.15625, -107, 0, 7, -0.0408172607421875, 
38.1640625, 57, 0, 7, 0.0217437744140625, 
38.171875, 179, 0, 7, 0.0682830810546875, 
38.1796875, 25, 0, 7, 0.0095367431640625, 
38.1875, -286, 0, 7, -0.109100341796875, 
38.1953125, -462, 0, 7, -0.176239013671875, 
38.203125, -403, 0, 7, -0.153732299804688, 
38.2109375, -263, 0, 7, -0.100326538085938, 
38.21875, -192, 0, 7, -0.0732421875, 
38.2265625, -113, 0, 7, -0.0431060791015625, 
38.234375, -7, 0, 7, -0.0026702880859375, 
38.2421875, 11, 2, 7, 0.0041961669921875, 
38.25, -65, 0, 7, -0.0247955322265625, 
38.2578125, -75, 0, 7, -0.0286102294921875, 
38.265625, 40, 0, 7, 0.0152587890625, 
38.2734375, 125, 0, 7, 0.0476837158203125, 
38.28125, 60, 0, 7, 0.02288818359375, 
38.2890625, -59, 0, 7, -0.0225067138671875, 
38.296875, -45, 0, 7, -0.0171661376953125, 
38.3046875, 69, 0, 7, 0.0263214111328125, 
38.3125, 81, 0, 7, 0.0308990478515625, 
38.3203125, -23, 0, 7, -0.0087738037109375, 
38.328125, -51, 0, 7, -0.0194549560546875, 
38.3359375, 78, 0, 7, 0.029754638671875, 
38.34375, 222, 0, 7, 0.084686279296875, 
38.3515625, 243, 0, 7, 0.0926971435546875, 
38.359375, 139, 0, 7, 0.0530242919921875, 
38.3671875, 57, 2, 7, 0.0217437744140625, 
38.375, 88, 0, 7, 0.0335693359375, 
38.3828125, 149, 0, 7, 0.0568389892578125, 
38.390625, 188, 0, 7, 0.07171630859375, 
38.3984375, 177, 0, 7, 0.0675201416015625, 
38.40625, 136, 0, 7, 0.0518798828125, 
38.4140625, 135, 0, 7, 0.0514984130859375, 
38.421875, 173, 0, 7, 0.0659942626953125, 
38.4296875, 252, 0, 7, 0.09613037109375, 
38.4375, 310, 0, 7, 0.118255615234375, 
38.4453125, 342, 0, 7, 0.130462646484375, 
38.453125, 370, 0, 7, 0.141143798828125, 
38.4609375, 349, 0, 7, 0.133132934570313, 
38.46875, 318, 0, 7, 0.121307373046875, 
38.4765625, 254, 0, 7, 0.096893310546875, 
38.484375, 135, 0, 7, 0.0514984130859375, 
38.4921875, 4, 2, 7, 0.00152587890625, 
38.5, -103, 0, 7, -0.0392913818359375, 
38.5078125, -122, 0, 7, -0.046539306640625, 
38.515625, -129, 0, 7, -0.0492095947265625, 
38.5234375, -235, 0, 7, -0.0896453857421875, 
38.53125, -372, 0, 7, -0.14190673828125, 
38.5390625, -368, 0, 7, -0.140380859375, 
38.546875, -242, 0, 7, -0.092315673828125, 
38.5546875, -165, 0, 7, -0.0629425048828125, 
38.5625, -187, 0, 7, -0.0713348388671875, 
38.5703125, -219, 0, 7, -0.0835418701171875, 
38.578125, -206, 0, 7, -0.078582763671875, 
38.5859375, -172, 0, 7, -0.06561279296875, 
38.59375, -197, 0, 7, -0.0751495361328125, 
38.6015625, -266, 0, 7, -0.101470947265625, 
38.609375, -270, 0, 7, -0.102996826171875, 
38.6171875, -170, 2, 7, -0.064849853515625, 
38.625, -61, 0, 7, -0.0232696533203125, 
38.6328125, -63, 0, 7, -0.0240325927734375, 
38.640625, -152, 0, 7, -0.0579833984375, 
38.6484375, -177, 0, 7, -0.0675201416015625, 
38.65625, -119, 0, 7, -0.0453948974609375, 
38.6640625, -112, 0, 7, -0.042724609375, 
38.671875, -203, 0, 7, -0.0774383544921875, 
38.6796875, -235, 0, 7, -0.0896453857421875, 
38.6875, -157, 0, 7, -0.0598907470703125, 
38.6953125, -90, 0, 7, -0.034332275390625, 
38.703125, -112, 0, 7, -0.042724609375, 
38.7109375, -163, 0, 7, -0.0621795654296875, 
38.71875, -157, 0, 7, -0.0598907470703125, 
38.7265625, -111, 0, 7, -0.0423431396484375, 
38.734375, -73, 0, 7, -0.0278472900390625, 
38.7421875, -86, 2, 7, -0.032806396484375, 
38.75, -101, 0, 7, -0.0385284423828125, 
38.7578125, -48, 0, 7, -0.018310546875, 
38.765625, 35, 0, 7, 0.0133514404296875, 
38.7734375, 44, 0, 7, 0.01678466796875, 
38.78125, -44, 0, 7, -0.01678466796875, 
38.7890625, -115, 0, 7, -0.0438690185546875, 
38.796875, -97, 0, 7, -0.0370025634765625, 
38.8046875, -74, 0, 7, -0.028228759765625, 
38.8125, -156, 0, 7, -0.05950927734375, 
38.8203125, -217, 0, 7, -0.0827789306640625, 
38.828125, -115, 0, 7, -0.0438690185546875, 
38.8359375, 3, 0, 7, 0.0011444091796875, 
38.84375, 28, 0, 7, 0.01068115234375, 
38.8515625, 38, 0, 7, 0.014495849609375, 
38.859375, 72, 0, 7, 0.0274658203125, 
38.8671875, 110, 2, 7, 0.041961669921875, 
38.875, 110, 0, 7, 0.041961669921875, 
38.8828125, 43, 0, 7, 0.0164031982421875, 
38.890625, -73, 0, 7, -0.0278472900390625, 
38.8984375, -153, 0, 7, -0.0583648681640625, 
38.90625, -161, 0, 7, -0.0614166259765625, 
38.9140625, -135, 0, 7, -0.0514984130859375, 
38.921875, -149, 0, 7, -0.0568389892578125, 
38.9296875, -267, 0, 7, -0.101852416992188, 
38.9375, -313, 0, 7, -0.119400024414063, 
38.9453125, -159, 0, 7, -0.0606536865234375, 
38.953125, -13, 0, 7, -0.0049591064453125, 
38.9609375, 83, 0, 7, 0.0316619873046875, 
38.96875, 243, 0, 7, 0.0926971435546875, 
38.9765625, 327, 0, 7, 0.124740600585938, 
38.984375, 157, 0, 7, 0.0598907470703125, 
38.9921875, -201, 2, 7, -0.0766754150390625, 
39, -473, 0, 7, -0.180435180664063, 
39.0078125, -473, 0, 7, -0.180435180664063, 
39.015625, -309, 0, 7, -0.117874145507813, 
39.0234375, -202, 0, 7, -0.077056884765625, 
39.03125, -152, 0, 7, -0.0579833984375, 
39.0390625, -52, 0, 7, -0.01983642578125, 
39.046875, 35, 0, 7, 0.0133514404296875, 
39.0546875, 29, 0, 7, 0.0110626220703125, 
39.0625, 9, 0, 7, 0.0034332275390625, 
39.0703125, 17, 0, 7, 0.0064849853515625, 
39.078125, 63, 0, 7, 0.0240325927734375, 
39.0859375, 100, 0, 7, 0.03814697265625, 
39.09375, 41, 0, 7, 0.0156402587890625, 
39.1015625, -66, 0, 7, -0.025177001953125, 
39.109375, -86, 0, 7, -0.032806396484375, 
39.1171875, -8, 2, 7, -0.0030517578125, 
39.125, 77, 0, 7, 0.0293731689453125, 
39.1328125, 89, 0, 7, 0.0339508056640625, 
39.140625, 56, 0, 7, 0.0213623046875, 
39.1484375, 48, 0, 7, 0.018310546875, 
39.15625, 102, 0, 7, 0.038909912109375, 
39.1640625, 175, 0, 7, 0.0667572021484375, 
39.171875, 154, 0, 7, 0.058746337890625, 
39.1796875, 65, 0, 7, 0.0247955322265625, 
39.1875, 9, 0, 7, 0.0034332275390625, 
39.1953125, 29, 0, 7, 0.0110626220703125, 
39.203125, 130, 0, 7, 0.049591064453125, 
39.2109375, 235, 0, 7, 0.0896453857421875, 
39.21875, 295, 0, 7, 0.112533569335938, 
39.2265625, 299, 0, 7, 0.114059448242188, 
39.234375, 247, 0, 7, 0.0942230224609375, 
39.2421875, 233, 2, 7, 0.0888824462890625, 
39.25, 277, 0, 7, 0.105667114257813, 
39.2578125, 290, 0, 7, 0.110626220703125, 
39.265625, 234, 0, 7, 0.089263916015625, 
39.2734375, 147, 0, 7, 0.0560760498046875, 
39.28125, 65, 0, 7, 0.0247955322265625, 
39.2890625, 38, 0, 7, 0.014495849609375, 
39.296875, 36, 0, 7, 0.01373291015625, 
39.3046875, -25, 0, 7, -0.0095367431640625, 
39.3125, -138, 0, 7, -0.052642822265625, 
39.3203125, -215, 0, 7, -0.0820159912109375, 
39.328125, -257, 0, 7, -0.0980377197265625, 
39.3359375, -268, 0, 7, -0.10223388671875, 
39.34375, -243, 0, 7, -0.0926971435546875, 
39.3515625, -242, 0, 7, -0.092315673828125, 
39.359375, -256, 0, 7, -0.09765625, 
39.3671875, -247, 2, 7, -0.0942230224609375, 
39.375, -239, 0, 7, -0.0911712646484375, 
39.3828125, -190, 0, 7, -0.072479248046875, 
39.390625, -122, 0, 7, -0.046539306640625, 
39.3984375, -129, 0, 7, -0.0492095947265625, 
39.40625, -178, 0, 7, -0.067901611328125, 
39.4140625, -197, 0, 7, -0.0751495361328125, 
39.421875, -190, 0, 7, -0.072479248046875, 
39.4296875, -176, 0, 7, -0.067138671875, 
39.4375, -161, 0, 7, -0.0614166259765625, 
39.4453125, -147, 0, 7, -0.0560760498046875, 
39.453125, -123, 0, 7, -0.0469207763671875, 
39.4609375, -96, 0, 7, -0.03662109375, 
39.46875, -76, 0, 7, -0.02899169921875, 
39.4765625, -79, 0, 7, -0.0301361083984375, 
39.484375, -112, 0, 7, -0.042724609375, 
39.4921875, -135, 2, 7, -0.0514984130859375, 
39.5, -71, 0, 7, -0.0270843505859375, 
39.5078125, 18, 0, 7, 0.006866455078125, 
39.515625, 12, 0, 7, 0.00457763671875, 
39.5234375, -71, 0, 7, -0.0270843505859375, 
39.53125, -129, 0, 7, -0.0492095947265625, 
39.5390625, -89, 0, 7, -0.0339508056640625, 
39.546875, -13, 0, 7, -0.0049591064453125, 
39.5546875, -17, 0, 7, -0.0064849853515625, 
39.5625, -85, 0, 7, -0.0324249267578125, 
39.5703125, -117, 0, 7, -0.0446319580078125, 
39.578125, -82, 0, 7, -0.031280517578125, 
39.5859375, -51, 0, 7, -0.0194549560546875, 
39.59375, -82, 0, 7, -0.031280517578125, 
39.6015625, -107, 0, 7, -0.0408172607421875, 
39.609375, -112, 0, 7, -0.042724609375, 
39.6171875, -105, 2, 7, -0.0400543212890625, 
39.625, -81, 0, 7, -0.0308990478515625, 
39.6328125, -44, 0, 7, -0.01678466796875, 
39.640625, -29, 0, 7, -0.0110626220703125, 
39.6484375, -47, 0, 7, -0.0179290771484375, 
39.65625, -74, 0, 7, -0.028228759765625, 
39.6640625, -78, 0, 7, -0.029754638671875, 
39.671875, -31, 0, 7, -0.0118255615234375, 
39.6796875, 23, 0, 7, 0.0087738037109375, 
39.6875, 21, 0, 7, 0.0080108642578125, 
39.6953125, -30, 0, 7, -0.011444091796875, 
39.703125, -105, 0, 7, -0.0400543212890625, 
39.7109375, -145, 0, 7, -0.0553131103515625, 
39.71875, -121, 0, 7, -0.0461578369140625, 
39.7265625, -82, 0, 7, -0.031280517578125, 
39.734375, -16, 0, 7, -0.006103515625, 
39.7421875, 108, 2, 7, 0.04119873046875, 
39.75, 202, 0, 7, 0.077056884765625, 
39.7578125, 115, 0, 7, 0.0438690185546875, 
39.765625, -86, 0, 7, -0.032806396484375, 
39.7734375, -199, 0, 7, -0.0759124755859375, 
39.78125, -149, 0, 7, -0.0568389892578125, 
39.7890625, -55, 0, 7, -0.0209808349609375, 
39.796875, -94, 0, 7, -0.035858154296875, 
39.8046875, -176, 0, 7, -0.067138671875, 
39.8125, -148, 0, 7, -0.05645751953125, 
39.8203125, -117, 0, 7, -0.0446319580078125, 
39.828125, -117, 0, 7, -0.0446319580078125, 
39.8359375, -14, 0, 7, -0.005340576171875, 
39.84375, 177, 0, 7, 0.0675201416015625, 
39.8515625, 204, 0, 7, 0.07781982421875, 
39.859375, -31, 0, 7, -0.0118255615234375, 
39.8671875, -348, 2, 7, -0.13275146484375, 
39.875, -467, 0, 7, -0.178146362304688, 
39.8828125, -322, 0, 7, -0.122833251953125, 
39.890625, -127, 0, 7, -0.0484466552734375, 
39.8984375, -91, 0, 7, -0.0347137451171875, 
39.90625, -92, 0, 7, -0.03509521484375, 
39.9140625, -37, 0, 7, -0.0141143798828125, 
39.921875, -29, 0, 7, -0.0110626220703125, 
39.9296875, -78, 0, 7, -0.029754638671875, 
39.9375, -131, 0, 7, -0.0499725341796875, 
39.9453125, -154, 0, 7, -0.058746337890625, 
39.953125, -93, 0, 7, -0.0354766845703125, 
39.9609375, -27, 0, 7, -0.0102996826171875, 
39.96875, -10, 0, 7, -0.003814697265625, 
39.9765625, 11, 0, 7, 0.0041961669921875, 
39.984375, 29, 0, 7, 0.0110626220703125, 
39.9921875, 52, 2, 7, 0.01983642578125, 
40, 85, 0, 7, 0.0324249267578125, 
40.0078125, 81, 0, 7, 0.0308990478515625, 
40.015625, 2, 0, 7, 0.000762939453125, 
40.0234375, -78, 0, 7, -0.029754638671875, 
40.03125, -58, 0, 7, -0.022125244140625, 
40.0390625, 27, 0, 7, 0.0102996826171875, 
40.046875, 69, 0, 7, 0.0263214111328125, 
40.0546875, 38, 0, 7, 0.014495849609375, 
40.0625, 10, 0, 7, 0.003814697265625, 
40.0703125, 71, 0, 7, 0.0270843505859375, 
40.078125, 153, 0, 7, 0.0583648681640625, 
40.0859375, 191, 0, 7, 0.0728607177734375, 
40.09375, 202, 0, 7, 0.077056884765625, 
40.1015625, 180, 0, 7, 0.06866455078125, 
40.109375, 201, 0, 7, 0.0766754150390625, 
40.1171875, 289, 2, 7, 0.110244750976563, 
40.125, 341, 0, 7, 0.130081176757813, 
40.1328125, 303, 0, 7, 0.115585327148438, 
40.140625, 211, 0, 7, 0.0804901123046875, 
40.1484375, 123, 0, 7, 0.0469207763671875, 
40.15625, 65, 0, 7, 0.0247955322265625, 
40.1640625, 26, 0, 7, 0.009918212890625, 
40.171875, -29, 0, 7, -0.0110626220703125, 
40.1796875, -129, 0, 7, -0.0492095947265625, 
40.1875, -256, 0, 7, -0.09765625, 
40.1953125, -333, 0, 7, -0.127029418945313, 
40.203125, -276, 0, 7, -0.10528564453125, 
40.2109375, -176, 0, 7, -0.067138671875, 
40.21875, -171, 0, 7, -0.0652313232421875, 
40.2265625, -251, 0, 7, -0.0957489013671875, 
40.234375, -295, 0, 7, -0.112533569335938, 
40.2421875, -276, 2, 7, -0.10528564453125, 
40.25, -249, 0, 7, -0.0949859619140625, 
40.2578125, -266, 0, 7, -0.101470947265625, 
40.265625, -311, 0, 7, -0.118637084960938, 
40.2734375, -317, 0, 7, -0.120925903320313, 
40.28125, -255, 0, 7, -0.0972747802734375, 
40.2890625, -187, 0, 7, -0.0713348388671875, 
40.296875, -189, 0, 7, -0.0720977783203125, 
40.3046875, -215, 0, 7, -0.0820159912109375, 
40.3125, -202, 0, 7, -0.077056884765625, 
40.3203125, -169, 0, 7, -0.0644683837890625, 
40.328125, -139, 0, 7, -0.0530242919921875, 
40.3359375, -123, 0, 7, -0.0469207763671875, 
40.34375, -82, 0, 7, -0.031280517578125, 
40.3515625, -43, 0, 7, -0.0164031982421875, 
40.359375, -91, 0, 7, -0.0347137451171875, 
40.3671875, -180, 2, 7, -0.06866455078125, 
40.375, -206, 0, 7, -0.078582763671875, 
40.3828125, -173, 0, 7, -0.0659942626953125, 
40.390625, -169, 0, 7, -0.0644683837890625, 
40.3984375, -194, 0, 7, -0.074005126953125, 
40.40625, -201, 0, 7, -0.0766754150390625, 
40.4140625, -207, 0, 7, -0.0789642333984375, 
40.421875, -172, 0, 7, -0.06561279296875, 
40.4296875, -93, 0, 7, -0.0354766845703125, 
40.4375, -31, 0, 7, -0.0118255615234375, 
40.4453125, -31, 0, 7, -0.0118255615234375, 
40.453125, -63, 0, 7, -0.0240325927734375, 
40.4609375, -47, 0, 7, -0.0179290771484375, 
40.46875, -14, 0, 7, -0.005340576171875, 
40.4765625, -39, 0, 7, -0.0148773193359375, 
40.484375, -94, 0, 7, -0.035858154296875, 
40.4921875, -121, 2, 7, -0.0461578369140625, 
40.5, -149, 0, 7, -0.0568389892578125, 
40.5078125, -215, 0, 7, -0.0820159912109375, 
40.515625, -238, 0, 7, -0.090789794921875, 
40.5234375, -167, 0, 7, -0.0637054443359375, 
40.53125, -63, 0, 7, -0.0240325927734375, 
40.5390625, -59, 0, 7, -0.0225067138671875, 
40.546875, -120, 0, 7, -0.0457763671875, 
40.5546875, -89, 0, 7, -0.0339508056640625, 
40.5625, -8, 0, 7, -0.0030517578125, 
40.5703125, -2, 0, 7, -0.000762939453125, 
40.578125, -59, 0, 7, -0.0225067138671875, 
40.5859375, -72, 0, 7, -0.0274658203125, 
40.59375, -33, 0, 7, -0.0125885009765625, 
40.6015625, -8, 0, 7, -0.0030517578125, 
40.609375, 16, 0, 7, 0.006103515625, 
40.6171875, 36, 2, 7, 0.01373291015625, 
40.625, 75, 0, 7, 0.0286102294921875, 
40.6328125, 108, 0, 7, 0.04119873046875, 
40.640625, 96, 0, 7, 0.03662109375, 
40.6484375, 46, 0, 7, 0.017547607421875, 
40.65625, -45, 0, 7, -0.0171661376953125, 
40.6640625, -174, 0, 7, -0.066375732421875, 
40.671875, -246, 0, 7, -0.093841552734375, 
40.6796875, -162, 0, 7, -0.061798095703125, 
40.6875, -11, 0, 7, -0.0041961669921875, 
40.6953125, -3, 0, 7, -0.0011444091796875, 
40.703125, -80, 0, 7, -0.030517578125, 
40.7109375, -122, 0, 7, -0.046539306640625, 
40.71875, -102, 0, 7, -0.038909912109375, 
40.7265625, 36, 0, 7, 0.01373291015625, 
40.734375, 253, 0, 7, 0.0965118408203125, 
40.7421875, 371, 2, 7, 0.141525268554688, 
40.75, 178, 0, 7, 0.067901611328125, 
40.7578125, -240, 0, 7, -0.091552734375, 
40.765625, -503, 0, 7, -0.191879272460938, 
40.7734375, -401, 0, 7, -0.152969360351563, 
40.78125, -131, 0, 7, -0.0499725341796875, 
40.7890625, -60, 0, 7, -0.02288818359375, 
40.796875, -166, 0, 7, -0.063323974609375, 
40.8046875, -182, 0, 7, -0.069427490234375, 
40.8125, -90, 0, 7, -0.034332275390625, 
40.8203125, -3, 0, 7, -0.0011444091796875, 
40.828125, -2, 0, 7, -0.000762939453125, 
40.8359375, -16, 0, 7, -0.006103515625, 
40.84375, 15, 0, 7, 0.0057220458984375, 
40.8515625, 57, 0, 7, 0.0217437744140625, 
40.859375, 46, 0, 7, 0.017547607421875, 
40.8671875, -26, 2, 7, -0.009918212890625, 
40.875, -60, 0, 7, -0.02288818359375, 
40.8828125, -14, 0, 7, -0.005340576171875, 
40.890625, 52, 0, 7, 0.01983642578125, 
40.8984375, 103, 0, 7, 0.0392913818359375, 
40.90625, 142, 0, 7, 0.054168701171875, 
40.9140625, 148, 0, 7, 0.05645751953125, 
40.921875, 95, 0, 7, 0.0362396240234375, 
40.9296875, 39, 0, 7, 0.0148773193359375, 
40.9375, 55, 0, 7, 0.0209808349609375, 
40.9453125, 140, 0, 7, 0.05340576171875, 
40.953125, 161, 0, 7, 0.0614166259765625, 
40.9609375, 106, 0, 7, 0.040435791015625, 
40.96875, 86, 0, 7, 0.032806396484375, 
40.9765625, 144, 0, 7, 0.054931640625, 
40.984375, 207, 0, 7, 0.0789642333984375, 
40.9921875, 208, 2, 7, 0.079345703125, 
41, 215, 0, 7, 0.0820159912109375, 
41.0078125, 258, 0, 7, 0.098419189453125, 
41.015625, 295, 0, 7, 0.112533569335938, 
41.0234375, 306, 0, 7, 0.116729736328125, 
41.03125, 323, 0, 7, 0.123214721679688, 
41.0390625, 345, 0, 7, 0.131607055664063, 
41.046875, 300, 0, 7, 0.11444091796875, 
41.0546875, 183, 0, 7, 0.0698089599609375, 
41.0625, 82, 0, 7, 0.031280517578125, 
41.0703125, 25, 0, 7, 0.0095367431640625, 
41.078125, -61, 0, 7, -0.0232696533203125, 
41.0859375, -200, 0, 7, -0.0762939453125, 
41.09375, -300, 0, 7, -0.11444091796875, 
41.1015625, -297, 0, 7, -0.113296508789063, 
41.109375, -225, 0, 7, -0.0858306884765625, 
41.1171875, -161, 2, 7, -0.0614166259765625, 
41.125, -178, 0, 7, -0.067901611328125, 
41.1328125, -254, 0, 7, -0.096893310546875, 
41.140625, -263, 0, 7, -0.100326538085938, 
41.1484375, -172, 0, 7, -0.06561279296875, 
41.15625, -101, 0, 7, -0.0385284423828125, 
41.1640625, -100, 0, 7, -0.03814697265625, 
41.171875, -143, 0, 7, -0.0545501708984375, 
41.1796875, -171, 0, 7, -0.0652313232421875, 
41.1875, -158, 0, 7, -0.060272216796875, 
41.1953125, -149, 0, 7, -0.0568389892578125, 
41.203125, -124, 0, 7, -0.04730224609375, 
41.2109375, -46, 0, 7, -0.017547607421875, 
41.21875, 41, 0, 7, 0.0156402587890625, 
41.2265625, 58, 0, 7, 0.022125244140625, 
41.234375, -2, 0, 7, -0.000762939453125, 
41.2421875, -66, 2, 7, -0.025177001953125, 
41.25, -107, 0, 7, -0.0408172607421875, 
41.2578125, -105, 0, 7, -0.0400543212890625, 
41.265625, -99, 0, 7, -0.0377655029296875, 
41.2734375, -90, 0, 7, -0.034332275390625, 
41.28125, -54, 0, 7, -0.020599365234375, 
41.2890625, -46, 0, 7, -0.017547607421875, 
41.296875, -46, 0, 7, -0.017547607421875, 
41.3046875, -7, 0, 7, -0.0026702880859375, 
41.3125, 33, 0, 7, 0.0125885009765625, 
41.3203125, 32, 0, 7, 0.01220703125, 
41.328125, -33, 0, 7, -0.0125885009765625, 
41.3359375, -49, 0, 7, -0.0186920166015625, 
41.34375, 34, 0, 7, 0.012969970703125, 
41.3515625, 129, 0, 7, 0.0492095947265625, 
41.359375, 102, 0, 7, 0.038909912109375, 
41.3671875, -19, 2, 7, -0.0072479248046875, 
41.375, -48, 0, 7, -0.018310546875, 
41.3828125, -17, 0, 7, -0.0064849853515625, 
41.390625, -20, 0, 7, -0.00762939453125, 
41.3984375, -28, 0, 7, -0.01068115234375, 
41.40625, -21, 0, 7, -0.0080108642578125, 
41.4140625, 19, 0, 7, 0.0072479248046875, 
41.421875, 35, 0, 7, 0.0133514404296875, 
41.4296875, -8, 0, 7, -0.0030517578125, 
41.4375, -10, 0, 7, -0.003814697265625, 
41.4453125, 92, 0, 7, 0.03509521484375, 
41.453125, 175, 0, 7, 0.0667572021484375, 
41.4609375, 101, 0, 7, 0.0385284423828125, 
41.46875, 0, 0, 7, 0, 
41.4765625, 21, 0, 7, 0.0080108642578125, 
41.484375, 51, 0, 7, 0.0194549560546875, 
41.4921875, 5, 2, 7, 0.0019073486328125, 
